investor,investor_email,sebi_reg_no,aif_category,investor_city,startup_name,domain,round,amount_usd,headquarters,date
Qualified Institutional Placement (Bank of India - largest buyer),,,,,Zaggle Prepaid Ocean Services,Enterprise FinTech,Funding Round,595.0,Hyderabad,
GEF Capital Partners,,,,,EPACK Prefab,Pre-engineered Buildings,First Funding Round,20000000.0,Greater Noida,
Motilal Oswal Wealth Limited,,,,,Captain Fresh,Seafood B2B,Funding Round,100.0,Bengaluru,
Bertelsmann India Investments (BII),,,,,Univest,Retail Advisory Platform,Series A,10000000.0,Gurugram,
Rocketship.vc,,,,,Mindgrove Technologies,Semiconductor Design,Series A,8000000.0,Chennai,
Speciale Invest,,,,,Mindgrove Technologies,Semiconductor Design,Series A,8000000.0,Chennai,
Mela Ventures,,,,,Mindgrove Technologies,Semiconductor Design,Series A,8000000.0,Chennai,
Peak XV Partners,,,,,Mindgrove Technologies,Semiconductor Design,Series A,8000000.0,Chennai,
Nishchay Goel,,,,,Mindgrove Technologies,Semiconductor Design,Series A,8000000.0,Chennai,
Whiteboard Capital,,,,,Mindgrove Technologies,Semiconductor Design,Series A,8000000.0,Chennai,
Anshul Goel,,,,,Mindgrove Technologies,Semiconductor Design,Series A,8000000.0,Chennai,
Orange Orbit (as part of a $15M Series B funding round),,,,,HostBooks,Enterprise SaaS FinTech,Funding Round,5000000.0,Gurugram,
Rainmatter Foundation (Nithin Kamath),,,,,Sparkl Edventure,EdTech,Seed Round,4000000.0,Delhi,
Zomato’s Deepinder Goyal,,,,,Sparkl Edventure,EdTech,Seed Round,4000000.0,Delhi,
Unilever Ventures,,,,,Arata,D2C Haircare,Series A,4000000.0,New Delhi,
L’Oréal’s BOLD Ventures,,,,,Arata,D2C Haircare,Series A,4000000.0,New Delhi,
Skywalker Family Office,,,,,Arata,D2C Haircare,Series A,4000000.0,New Delhi,
Together Fund,,,,,Confido Health,AI-focused HealthTech,Seed Round,3000000.0,"New Jersey, US",
MedMountain Ventures,,,,,Confido Health,AI-focused HealthTech,Seed Round,3000000.0,"New Jersey, US",
Rebellion VC,,,,,Confido Health,AI-focused HealthTech,Seed Round,3000000.0,"New Jersey, US",
DeVC,,,,,Confido Health,AI-focused HealthTech,Seed Round,3000000.0,"New Jersey, US",
Operators Studio,,,,,Confido Health,AI-focused HealthTech,Seed Round,3000000.0,"New Jersey, US",
strategic healthcare operators,,,,,Confido Health,AI-focused HealthTech,Seed Round,3000000.0,"New Jersey, US",
Inflection Point Ventures,,,,,SustVest,Sustainable Investment Platform,Pre-Series A (Equity & Debt),1700000.0,Gurugram,
Antler,,,,,SustVest,Sustainable Investment Platform,Pre-Series A (Equity & Debt),1700000.0,Gurugram,
WEH Ventures,,,,,SustVest,Sustainable Investment Platform,Pre-Series A (Equity & Debt),1700000.0,Gurugram,
Venture Catalysts,,,,,SustVest,Sustainable Investment Platform,Pre-Series A (Equity & Debt),1700000.0,Gurugram,
Soonicorn Ventures,,,,,SustVest,Sustainable Investment Platform,Pre-Series A (Equity & Debt),1700000.0,Gurugram,
FAAD Network,,,,,SustVest,Sustainable Investment Platform,Pre-Series A (Equity & Debt),1700000.0,Gurugram,
YourNest Venture Capital,,,,,Leanworx,Manufacturing Data Solutions,Seed Round,8.3,Bengaluru,
angel investment group,ashutosh.naik@iiflw.com,IN/AIF3/16-17/0286,Category III,Mumbai,Leanworx,Manufacturing Data Solutions,Seed Round,8.3,Bengaluru,
Ajinkya Rahane,,,,,Proxgy,IoT Solutions,Series A,3000000.0,Gurugram,
Nikhil Kamath,,,,,Proxgy,IoT Solutions,Series A,3000000.0,Gurugram,
Suniel Shetty,,,,,Proxgy,IoT Solutions,Series A,3000000.0,Gurugram,
Vinod Duggar,,,,,Proxgy,IoT Solutions,Series A,3000000.0,Gurugram,
Manish Patel,,,,,Proxgy,IoT Solutions,Series A,3000000.0,Gurugram,
Turbostart,,,,,KiranaPro,Quick Commerce,Seed Funding,,Bengaluru,
Unpopular Ventures,,,,,KiranaPro,Quick Commerce,Seed Funding,,Bengaluru,
Blume Founders Fund,,,,,KiranaPro,Quick Commerce,Seed Funding,,Bengaluru,
Snow Leopard Ventures,,,,,KiranaPro,Quick Commerce,Seed Funding,,Bengaluru,
GVFL,,,,,Naxatra Labs,Tech Solutions,Seed Funding,,Ahmedabad,
Mohit Tandon (Delhivery),,,,,Naxatra Labs,Tech Solutions,Seed Funding,,Ahmedabad,
Himanshu Aggarwal (Aspiring Minds),,,,,Naxatra Labs,Tech Solutions,Seed Funding,,Ahmedabad,
Vijay Shekhar Sharma,,,,,Naxatra Labs,Tech Solutions,Seed Funding,,Ahmedabad,
Aloke Bajpai,,,,,Naxatra Labs,Tech Solutions,Seed Funding,,Ahmedabad,
Rajnish Kumar,,,,,Naxatra Labs,Tech Solutions,Seed Funding,,Ahmedabad,
Narayan (Ather Energy),,,,,Naxatra Labs,Tech Solutions,Seed Funding,,Ahmedabad,
Sorenson Capital,,,,,Bureau,Risk Intelligence,Series B,30000000.0,India,
PayPal Ventures,,,,,Bureau,Risk Intelligence,Series B,30000000.0,India,
Commerce Ventures,,,,,Bureau,Risk Intelligence,Series B,30000000.0,India,
GMO Venture Partners,,,,,Bureau,Risk Intelligence,Series B,30000000.0,India,
Village Global,,,,,Bureau,Risk Intelligence,Series B,30000000.0,India,
Quona Capital,,,,,Bureau,Risk Intelligence,Series B,30000000.0,India,
XYZ Ventures,,,,,Bureau,Risk Intelligence,Series B,30000000.0,India,
Pavestone ($7.5M),,,,,Bizom,Retail Intelligence,Series B,12000000.0,Bengaluru,
IndiaMART,,,,,Bizom,Retail Intelligence,Series B,12000000.0,Bengaluru,
and family offices,,,,,Bizom,Retail Intelligence,Series B,12000000.0,Bengaluru,
Lightspeed,,,,,Seekho,Learning-focused OTT Platform,Series A,8000000.0,Bengaluru,
BP Technology Ventures,,,,,ZingBus,Intercity Mobility,Funding Round,59.0,Gurugram,
Angel investors,ashutosh.naik@iiflw.com,IN/AIF3/16-17/0286,Category III,Mumbai,QuiD Cash,Supply Chain FinTech,Pre-Series A,4500000.0,Bengaluru,
including Piyush Jain,,,,,QuiD Cash,Supply Chain FinTech,Pre-Series A,4500000.0,Bengaluru,
and MINTCAP,,,,,QuiD Cash,Supply Chain FinTech,Pre-Series A,4500000.0,Bengaluru,
Ashish Kasholia (Lucky Investments),,,,,Inkers Technology,PropTech,Series A,3000000.0,Bengaluru,
ANBG Enterprise LLP (Godrej Family Office),,,,,Zunroof,Rooftop Solar,Funding Round,20.0,Gurugram,
Ravindernath Chadha,,,,,Zunroof,Rooftop Solar,Funding Round,20.0,Gurugram,
pi Ventures,,,,,Quanfluence,Photonic Quantum Technology,Seed Round,2000000.0,Bengaluru,
Golden Sparrow,,,,,Quanfluence,Photonic Quantum Technology,Seed Round,2000000.0,Bengaluru,
Reena Dayal,,,,,Quanfluence,Photonic Quantum Technology,Seed Round,2000000.0,Bengaluru,
Chiratae,,,,,Mili,AI Wealth Management Assistant,Seed Round,2000000.0,Mumbai,
BoldCap,,,,,Mili,AI Wealth Management Assistant,Seed Round,2000000.0,Mumbai,
Sparrow Capital,,,,,Mili,AI Wealth Management Assistant,Seed Round,2000000.0,Mumbai,
SFMG Wealth Advisors,,,,,Mili,AI Wealth Management Assistant,Seed Round,2000000.0,Mumbai,
Gregg Fisher (Quent Capital),,,,,Mili,AI Wealth Management Assistant,Seed Round,2000000.0,Mumbai,
Better Capital,,,,,Mili,AI Wealth Management Assistant,Seed Round,2000000.0,Mumbai,
India Quotient,,,,,Curie Money,FinTech Platform,Seed Round,1200000.0,Bengaluru,
institutional,,,,,Curie Money,FinTech Platform,Seed Round,1200000.0,Bengaluru,
angel investors,ashutosh.naik@iiflw.com,IN/AIF3/16-17/0286,Category III,Mumbai,Curie Money,FinTech Platform,Seed Round,1200000.0,Bengaluru,
Kalaari Capital (CXXO Initiative),,,,,Resilience AI,Climate Technology,Seed Round,1000000.0,Gurugram,
Transition VC,,,,,Fitsol,Decarbonization for Manufacturing,Seed Round,1000000.0,New Delhi,
Existing promoters,,,,,Fibroheal Woundcare,Medical Devices,Pre-Series A,6.3,Bengaluru,
surgeons,,,,,Fibroheal Woundcare,Medical Devices,Pre-Series A,6.3,Bengaluru,
medical professionals,,,,,Fibroheal Woundcare,Medical Devices,Pre-Series A,6.3,Bengaluru,
and bankers,,,,,Fibroheal Woundcare,Medical Devices,Pre-Series A,6.3,Bengaluru,
BizDateUp,,,,,VOICE,Electric Vehicles,Seed Round,5.0,Delhi,
Velocity,,,,,MBG Card,SaaS,Funding Round,2.72,Jabalpur,
Klub,,,,,MBG Card,SaaS,Funding Round,2.72,Jabalpur,
Temasek,,,,,Rebel Foods,Foodtech,Series G,210000000.0,Mumbai,
Evolvence,,,,,Rebel Foods,Foodtech,Series G,210000000.0,Mumbai,
Teachers’ Venture Growth (TVG),,,,,Mintifi,Supply-Chain Financing,Series E,180000000.0,Mumbai,
Prosus,,,,,Mintifi,Supply-Chain Financing,Series E,180000000.0,Mumbai,
Premji Invest,,,,,Mintifi,Supply-Chain Financing,Series E,180000000.0,Mumbai,
Khosla Ventures,,,,,Zetwerk,Contract Manufacturing,Fresh Funding,70000000.0,Bengaluru,
Baillie Gifford,,,,,Zetwerk,Contract Manufacturing,Fresh Funding,70000000.0,Bengaluru,
Rakesh Gangwal,,,,,Zetwerk,Contract Manufacturing,Fresh Funding,70000000.0,Bengaluru,
Navis Capital Partners,,,,,CarDekho SEA,Digital Automotive Solutions,External Funding Round,60000000.0,Singapore,
Dragon Fund,,,,,CarDekho SEA,Digital Automotive Solutions,External Funding Round,60000000.0,Singapore,
Creaegis,,,,,Haber,Industrial Robotics,Series C,44000000.0,Pune,
BEENEXT,,,,,Haber,Industrial Robotics,Series C,44000000.0,Pune,
Accel,,,,,Haber,Industrial Robotics,Series C,44000000.0,Pune,
Lightrock,,,,,SolarSquare,Solar Startup,Series B,40000000.0,Mumbai,
Elevation Capital,,,,,SolarSquare,Solar Startup,Series B,40000000.0,Mumbai,
Chris Sacca’s Lowercarbon,,,,,SolarSquare,Solar Startup,Series B,40000000.0,Mumbai,
Nithin Kamath’s Rainmatter,,,,,SolarSquare,Solar Startup,Series B,40000000.0,Mumbai,
Gruhas Proptech,,,,,SolarSquare,Solar Startup,Series B,40000000.0,Mumbai,
Kenro Capital,,,,,K12 Techno Services,EdTech - Schools,Investment,40000000.0,Bengaluru,
Avataar Ventures,,,,,LambdaTest,Cloud-Based Testing Platform,Funding Round,38000000.0,San Francisco,
Qualcomm Ventures,,,,,LambdaTest,Cloud-Based Testing Platform,Funding Round,38000000.0,San Francisco,
QED Investors,,,,,OneCard,Credit Card Issuance,Fresh Funding,25500000.0,Pune,
Z47,,,,,OneCard,Credit Card Issuance,Fresh Funding,25500000.0,Pune,
Better Tomorrow Ventures,,,,,OneCard,Credit Card Issuance,Fresh Funding,25500000.0,Pune,
M&G Catalyst,,,,,Pixxel,Spacetech,Series B (Additional Funding),24000000.0,Bengaluru,
Glade Brook Capital Partners,,,,,Pixxel,Spacetech,Series B (Additional Funding),24000000.0,Bengaluru,
Google,,,,,Pixxel,Spacetech,Series B (Additional Funding),24000000.0,Bengaluru,
Radical Ventures,,,,,Pixxel,Spacetech,Series B (Additional Funding),24000000.0,Bengaluru,
Prashasta Seth (Prudent Investment Manager),,,,,Snapmint,FinTech,Debt and Equity Round,18000000.0,Mumbai,
Perpetuity Ventures,,,,,Snapmint,FinTech,Debt and Equity Round,18000000.0,Mumbai,
Pegasus Fininvest,,,,,Snapmint,FinTech,Debt and Equity Round,18000000.0,Mumbai,
Titanium Ventures,,,,,RapidCanvas,AI Business Transformation,Series A,16000000.0,Austin,
Valley Capital Partners,,,,,RapidCanvas,AI Business Transformation,Series A,16000000.0,Austin,
BlueOrchard Microfinance Fund,,,,,Varthana,NBFC - Education Loans,Funding Round,15000000.0,Bengaluru,
Dia Vikas Capital,,,,,Avanti Finance,NBFC,Series B,14200000.0,Auckland,
IDH Farmfit Fund,,,,,Avanti Finance,NBFC,Series B,14200000.0,Auckland,
NRJN Family Trust,,,,,Avanti Finance,NBFC,Series B,14200000.0,Auckland,
Rabo Partnerships,,,,,Avanti Finance,NBFC,Series B,14200000.0,Auckland,
Amazon Smbhav Venture Fund,,,,,Orange Health Labs,Diagnostics & Healthcare,Funding Round,12000000.0,Bengaluru,
General Catalyst,,,,,Orange Health Labs,Diagnostics & Healthcare,Funding Round,12000000.0,Bengaluru,
Bertelsmann India Investments,,,,,Orange Health Labs,Diagnostics & Healthcare,Funding Round,12000000.0,Bengaluru,
Y Combinator,,,,,Orange Health Labs,Diagnostics & Healthcare,Funding Round,12000000.0,Bengaluru,
Goodwater Capital,,,,,Stage,Regional OTT Platform,Series B,84.6,Indore,
Blume Ventures,,,,,Stage,Regional OTT Platform,Series B,84.6,Indore,
British International Investment (BII),,,,,DCDC Kidney Care,Healthcare,Strategic Investment,82.0,New Delhi,
RTP Global,,,,,FirstClub,Quick Commerce,Funding Round,8000000.0,Bengaluru,
Quiet Capital,,,,,FirstClub,Quick Commerce,Funding Round,8000000.0,Bengaluru,
2am VC,,,,,FirstClub,Quick Commerce,Funding Round,8000000.0,Bengaluru,
Elevar Equity,Meetali.Mistry@iiflw.com,IN/AIF3/12-13/0016,Category III,Mumbai,FinX,Skilling Platform,Funding Round,6000000.0,Mumbai,
Info Edge Ventures,,,,,Culture Circle,Sneakers & Streetwear,Seed Round,2000000.0,Gurugram,
Ankur Capital,,,,,Superfone,SMB CRM App,Pre-Series A,1900000.0,Bengaluru,
Finsight Seed Fund,,,,,Superfone,SMB CRM App,Pre-Series A,1900000.0,Bengaluru,
Liquid 2 Ventures,,,,,Infinity,Business Banking,Equity Funding,1900000.0,Bengaluru,
Script Capital,,,,,Infinity,Business Banking,Equity Funding,1900000.0,Bengaluru,
Orios Venture Partners,,,,,Sustainiam,Climate Tech,Maiden Funding Round,1450000.0,Bengaluru,
Shilpa Shetty Kundra,,,,,Sustainiam,Climate Tech,Maiden Funding Round,1450000.0,Bengaluru,
Rajesh Sawhney,,,,,Sustainiam,Climate Tech,Maiden Funding Round,1450000.0,Bengaluru,
Harsh Vardhan Bhagchandka,,,,,Sustainiam,Climate Tech,Maiden Funding Round,1450000.0,Bengaluru,
Vinit Bhansali,,,,,Sustainiam,Climate Tech,Maiden Funding Round,1450000.0,Bengaluru,
Prarambh Ventures,,,,,Navanc,FinTech,Seed Round,1000000.0,Bengaluru,
Inflection Point Ventures (IPV),,,,,Navanc,FinTech,Seed Round,1000000.0,Bengaluru,
Brigade REAP,,,,,Navanc,FinTech,Seed Round,1000000.0,Bengaluru,
Recur Club,,,,,Kreedo Early Childhood Solutions,EdTech,Debt Funding,10.0,Bengaluru,
Jaipuria Family Office,,,,,Power Gummies,D2C Gummies,Bridge Round,10.0,New Delhi,
Quadrant,,,,,Power Gummies,D2C Gummies,Bridge Round,10.0,New Delhi,
100unicorn,,,,,Power Gummies,D2C Gummies,Bridge Round,10.0,New Delhi,
DSGCP,,,,,Power Gummies,D2C Gummies,Bridge Round,10.0,New Delhi,
Wipro Consumer,,,,,Power Gummies,D2C Gummies,Bridge Round,10.0,New Delhi,
others,,,,,Power Gummies,D2C Gummies,Bridge Round,10.0,New Delhi,
iSEED,,,,,SaveSage Club,Credit Card Management,Angel Funding,2.5,Gurugram,
Alluvium Fund,,,,,SaveSage Club,Credit Card Management,Angel Funding,2.5,Gurugram,
LetsVenture Fund,,,,,SaveSage Club,Credit Card Management,Angel Funding,2.5,Gurugram,
Nazara Technologies,info@paulasset.com,IN/AIF3/24-25/1602,Category III,Kolkata,Nodwin Gaming,Gaming and Entertainment,Convertible Preferred Stock,64.0,Gurugram,
Artha Venture Fund,,,,,Atmosphere The Store Makers,Retail,Seed,5.0,Mumbai,
PIL Italica Lifestyle Limited,,,,,Atmosphere The Store Makers,Retail,Seed,5.0,Mumbai,
Undisclosed,,,,,Annapurna Finance,Financial Services,Multilateral ECB Transaction,109500000.0,Bhubaneswar,
Prudent Investment Managers,,,,,The Money Club,FinTech,Series A,2500000.0,Noida,
Fireside Ventures,,,,,Terractive,AgriTech,Pre-Series A,8.0,Mumbai,
DeVC (anchored by Z47),,,,,Terractive,AgriTech,Pre-Series A,8.0,Mumbai,
Ortella Global Capital (OG Capital),,,,,Medial,Media and Entertainment,Pre-Series A,500000.0,Bengaluru,
Zoho Corporation,,,,,Ultraviolette,EV Manufacturing,-,130.0,Bengaluru,
Lingotto Co-Invest Fund I,,,,,Ultraviolette,EV Manufacturing,-,130.0,Bengaluru,
Mudhal Partners,,,,,Ultraviolette,EV Manufacturing,-,130.0,Bengaluru,
DSG Consumer Partners,,,,,The Indus Valley,D2C Kitchenware,Pre-Series A,23.1,Chennai,
Kleiner Perkins,,,,,Enterpret,SaaS,Series A,20800000.0,India,
Wing Ventures,,,,,Enterpret,SaaS,Series A,20800000.0,India,
Recall Capital,,,,,Enterpret,SaaS,Series A,20800000.0,India,
Malabar Investment,,,,,Dentalkart,Dental Supplies Marketplace,-,85.0,New Delhi,
Whiteoak,,,,,Dentalkart,Dental Supplies Marketplace,-,85.0,New Delhi,
Singapore sovereign wealth firm GIC,,,,,Godrej Properties,Real Estate,QIP,6000.0,Mumbai,
SBI Pension,,,,,Godrej Properties,Real Estate,QIP,6000.0,Mumbai,
Capital-A,,,,,Agrileaf,Cleantech,Growth,2000000.0,"Belthangady Taluk, Daskshina Kannada District",
Samarsh Capital,,,,,Agrileaf,Cleantech,Growth,2000000.0,"Belthangady Taluk, Daskshina Kannada District",
IIM Lucknow,,,,,GoodLives,HealthTech,Pre-Seed,1.1,Gurugram,
Rabindranath Tagore University (RNTU),,,,,GoodLives,HealthTech,Pre-Seed,1.1,Gurugram,
Build3,,,,,GoodLives,HealthTech,Pre-Seed,1.1,Gurugram,
Rohan Bhargava,,,,,Bumboo,Eco-friendly Products,Angel,,New Delhi,
co-founder at CashKaro,,,,,Bumboo,Eco-friendly Products,Angel,,New Delhi,
UrbanPiper CEO Saurabh Gupta,,,,,Bumboo,Eco-friendly Products,Angel,,New Delhi,
SpotDraft Founder Shashank Bijapur,,,,,Bumboo,Eco-friendly Products,Angel,,New Delhi,
and NC Media founder Rajneil Kamath,,,,,Bumboo,Eco-friendly Products,Angel,,New Delhi,
Axilor Ventures,,,,,AdvantageClub.ai,HRTech,-,4000000.0,Gurugram,
PeakXV Spark,,,,,RaptorX,FinTech,Pre-Seed,4.0,India,
EagleWings Ventures,,,,,RaptorX,FinTech,Pre-Seed,4.0,India,
Point One Capital,,IN/AIF1/17-18/0321,Category I,,RaptorX,FinTech,Pre-Seed,4.0,India,
Tanglin Venture Partners,,,,,MasterChow,D2C Food Products,Series A,6500000.0,New Delhi,
Trifecta,,,,,Hygenco,Cleantech,Debt,50.0,Gurugram,
Nithin,,,,,SuperYou,FinTech,Series A,,Mumbai,
co-founders of Zerodha-backed venture firm Rainmatter,,,,,SuperYou,FinTech,Series A,,Mumbai,
Canaan Partners,,,,,Enterpret,AI Customer Feedback Platform,Series A,20800000.0,San Francisco,
Eight Roads Ventures,,,,,Laurus Bio,Biotechnology,Equity Investment,120.0,Bengaluru,
F-Prime Capital,,,,,Laurus Bio,Biotechnology,Equity Investment,120.0,Bengaluru,
Peak XV,,,,,OneCard,FinTech,Series D,28500000.0,Pune,
Domestic investors,,,,,Candytoy Corporate,Corporate Services,Series A,110.0,Bengaluru,
HNIs,,,,,Candytoy Corporate,Corporate Services,Series A,110.0,Bengaluru,
institutional investors,,,,,Candytoy Corporate,Corporate Services,Series A,110.0,Bengaluru,
Eurazeo,,,,,ALT Mobility,EV Leasing & Management,Series A,10000000.0,New Delhi,
Shell Ventures,,,,,ALT Mobility,EV Leasing & Management,Series A,10000000.0,New Delhi,
Twynam Earth Fund,,,,,ALT Mobility,EV Leasing & Management,Series A,10000000.0,New Delhi,
EV2 Ventures,,,,,ALT Mobility,EV Leasing & Management,Series A,10000000.0,New Delhi,
Bessemer Venture Partners,,,,,ShopDeck,D2C Tech,Series B,8000000.0,Bengaluru,
Venture Highway,,,,,ShopDeck,D2C Tech,Series B,8000000.0,Bengaluru,
and Chiratae Ventures,,,,,ShopDeck,D2C Tech,Series B,8000000.0,Bengaluru,
Prime Venture Partners,,,,,Elchemy,Specialty Chemicals,Series A,5600000.0,Ahmedabad,
InfoEdge Ventures,,,,,Elchemy,Specialty Chemicals,Series A,5600000.0,Ahmedabad,
Manish Choksi Family Office,,,,,All Things Baby,Baby & Mothercare,Series A,30.0,Mumbai,
Richa Choksi,,,,,All Things Baby,Baby & Mothercare,Series A,30.0,Mumbai,
Fireside Venture Investment Fund III,,,,,Beyond Appliances,Smart Kitchen Appliances,Seed,2000000.0,Bengaluru,
Dharana Capital,,,,,Beyond Appliances,Smart Kitchen Appliances,Seed,2000000.0,Bengaluru,
Shezan Bhojani,,,,,Beyond Appliances,Smart Kitchen Appliances,Seed,2000000.0,Bengaluru,
Saurabh Jain,,,,,Beyond Appliances,Smart Kitchen Appliances,Seed,2000000.0,Bengaluru,
Ramakant Sharma,,,,,Beyond Appliances,Smart Kitchen Appliances,Seed,2000000.0,Bengaluru,
Chandru Kalro,,,,,Beyond Appliances,Smart Kitchen Appliances,Seed,2000000.0,Bengaluru,
SBI Mutual Fund,,,,,Nazara Technologies,Gaming,Preferential Issue,855.0,Mumbai,
Caratlane founder Mithun Sacheti,,,,,Nazara Technologies,Gaming,Preferential Issue,855.0,Mumbai,
Aamara Capital,,,,,Nazara Technologies,Gaming,Preferential Issue,855.0,Mumbai,
Think Investments among others,,,,,Nazara Technologies,Gaming,Preferential Issue,855.0,Mumbai,
GEM Global Yield LLC SCS,,,,,WadzPay,Blockchain FinTech,Share Subscription Facility,50000000.0,Singapore,
Cactus Partners (CPL),,,,,ParkMate,Road Transport Tech,Pre-Series A,1200000.0,Uttar Pradesh,
100Unicorns,1008bharatgrowth@gmail.com,IN/AIF3/25-26/1864,Category III,Mumbai,Ukhi,Biomaterials,Pre-Seed,1200000.0,New Delhi,
Avtar Monga,,,,,Ukhi,Biomaterials,Pre-Seed,1200000.0,New Delhi,
Titan Capital,,,,,True Diamond,Retail Luxury Goods and Jewellery,Seed,1000000.0,Mumbai,
Huddle Ventures,,,,,True Diamond,Retail Luxury Goods and Jewellery,Seed,1000000.0,Mumbai,
Zeropearl Ventures,,,,,True Diamond,Retail Luxury Goods and Jewellery,Seed,1000000.0,Mumbai,
Ashutosh Valani,,,,,True Diamond,Retail Luxury Goods and Jewellery,Seed,1000000.0,Mumbai,
Priyank Shah,,,,,True Diamond,Retail Luxury Goods and Jewellery,Seed,1000000.0,Mumbai,
Aashka Goradia Goble,,,,,True Diamond,Retail Luxury Goods and Jewellery,Seed,1000000.0,Mumbai,
Ghazal Alagh,,,,,True Diamond,Retail Luxury Goods and Jewellery,Seed,1000000.0,Mumbai,
Abhishek Goyal,,,,,True Diamond,Retail Luxury Goods and Jewellery,Seed,1000000.0,Mumbai,
Anmol Jain,,,,,True Diamond,Retail Luxury Goods and Jewellery,Seed,1000000.0,Mumbai,
Symbiotics Group,,,,,NeoGrowth,Financial Services,Debt,5000000.0,Mumbai,
Motilal Oswal Private Wealth,,,,,Zepto,Quick Commerce,Funding Round,350000000.0,Mumbai,
Raamdeo Agarwal,,,,,Zepto,Quick Commerce,Funding Round,350000000.0,Mumbai,
Taparia Family Office,,,,,Zepto,Quick Commerce,Funding Round,350000000.0,Mumbai,
Mankind Pharma Family Office,,,,,Zepto,Quick Commerce,Funding Round,350000000.0,Mumbai,
Celebrity Investors,,,,,Zepto,Quick Commerce,Funding Round,350000000.0,Mumbai,
ChrysCapital,,,,,Healthkart,Health Supplements,Funding Round,153000000.0,Gurugram,
Motilal Oswal Alternates,,,,,Healthkart,Health Supplements,Funding Round,153000000.0,Gurugram,
Celesta Capital,,,,,OneCell Diagnostics,Cancer Diagnostics,Series A,16000000.0,Pune,
Tenacity Ventures,,,,,OneCell Diagnostics,Cancer Diagnostics,Series A,16000000.0,Pune,
Cedars Sinai,,,,,OneCell Diagnostics,Cancer Diagnostics,Series A,16000000.0,Pune,
Eragon,,,,,OneCell Diagnostics,Cancer Diagnostics,Series A,16000000.0,Pune,
Singularity Ventures,,,,,OneCell Diagnostics,Cancer Diagnostics,Series A,16000000.0,Pune,
Ecosystem Integrity Fund (EIF),,,,,Vecmocon,EV Components,Funding Round,10000000.0,New Delhi,
Aptos Labs,,,,,Kratos Gamer Network,Web3 Gaming,Funding Round,10000000.0,Tortola,
Polygon,,,,,Kratos Gamer Network,Web3 Gaming,Funding Round,10000000.0,Tortola,
Game7,,,,,Kratos Gamer Network,Web3 Gaming,Funding Round,10000000.0,Tortola,
IvyCap Ventures,,,,,Blitz,Omnichannel Delivery Platform,Series A,51.0,Bengaluru,
Inflexor Ventures,,,,,CredFlow,FinTech,Pre-Series B,3700000.0,New Delhi,
Singapore-based family office,,,,,CredFlow,FinTech,Pre-Series B,3700000.0,New Delhi,
Atomic Capital,,,,,Doodhvale Farms,Dairy,Series A,3000000.0,Sonepat,
Singularity Early Opportunities Fund,,,,,Doodhvale Farms,Dairy,Series A,3000000.0,Sonepat,
Bharat Founders Fund,Info@1000x.co.in,IN/AIF2/25-26/1983,Category II,Kolkata,Doodhvale Farms,Dairy,Series A,3000000.0,Sonepat,
Chimes Group,,,,,Proost,Beer Startup,Series A,30.0,New Delhi,
Srinivasan Namala,,,,,Proost,Beer Startup,Series A,30.0,New Delhi,
Hyderabad Angels,,,,,Proost,Beer Startup,Series A,30.0,New Delhi,
The Chennai Angels,,,,,Proost,Beer Startup,Series A,30.0,New Delhi,
Rockstud Capital,,,,,Indic Wisdom,Wood-Pressed Oils,Pre-Series A,2000000.0,Mumbai,
Unicorn India Ventures,,,,,PeLocal,FinTech,Seed Funding,2000000.0,Chennai,
Pi Ventures,,,,,Theranautilus,Nanorobotics for Healthcare,Seed Funding,1200000.0,Bengaluru,
Sprout Venture Partners,,,,,Taqtics,SaaS Platform,Seed Round,1200000.0,Bengaluru,
Java Capital,,,,,Taqtics,SaaS Platform,Seed Round,1200000.0,Bengaluru,
Chittorgarh Infotech Limited,,,,,Matrix Geo Solutions,Drone & Space Tech,Pre-IPO Round,1000000.0,New Delhi,
Viney Equity Markets LLP,,,,,Matrix Geo Solutions,Drone & Space Tech,Pre-IPO Round,1000000.0,New Delhi,
Tryrock Capital Trust AIF,,,,,Matrix Geo Solutions,Drone & Space Tech,Pre-IPO Round,1000000.0,New Delhi,
Aprameya Radhakrishna,,,,,CADRE ODR,Online Dispute Resolution,Pre-Series A,200000.0,Bengaluru,
Murali Subramanian,,,,,CADRE ODR,Online Dispute Resolution,Pre-Series A,200000.0,Bengaluru,
Ram Bhamidi,,,,,CADRE ODR,Online Dispute Resolution,Pre-Series A,200000.0,Bengaluru,
Aneesh Garg,,,,,CADRE ODR,Online Dispute Resolution,Pre-Series A,200000.0,Bengaluru,
Rahul Guptan,,,,,CADRE ODR,Online Dispute Resolution,Pre-Series A,200000.0,Bengaluru,
ICONIQ Growth,Info@1000x.co.in,IN/AIF2/25-26/1983,Category II,Kolkata,UnifyApps,Enterprise AI Platform,Series A,20000000.0,Gurugram,
Epiq Capital,,,,,Bhanzu,EdTech,Funding Round,16500000.0,Hyderabad,
Alteria Capital,,,,,Wheelocity,Semi-urban Commerce,Extended Series A,15000000.0,Chennai,
Anicut Capital,,,,,Wheelocity,Semi-urban Commerce,Extended Series A,15000000.0,Chennai,
Company’s Founder,,,,,Wheelocity,Semi-urban Commerce,Extended Series A,15000000.0,Chennai,
Antares Ventures,,,,,The ePlane Company,Electric Aircraft,Series B,14000000.0,Chennai,
Micelio Mobility,,,,,The ePlane Company,Electric Aircraft,Series B,14000000.0,Chennai,
Naval Ravikant,,,,,The ePlane Company,Electric Aircraft,Series B,14000000.0,Chennai,
Prosus Ventures,,,,,Equal,Data-sharing & Identity Verification,Series A,10000000.0,Hyderabad,
Tomales Bay Capital,,,,,Equal,Data-sharing & Identity Verification,Series A,10000000.0,Hyderabad,
Keshav Reddy,,,,,Equal,Data-sharing & Identity Verification,Series A,10000000.0,Hyderabad,
Fenice Investment Group,,,,,Ennoventure,Brand Protection & Authentication,Series A,8900000.0,Bengaluru,
SAFE Investors,,,,,Ennoventure,Brand Protection & Authentication,Series A,8900000.0,Bengaluru,
V3 Ventures,,,,,Ugaoo,Houseplants & Urban Gardening,Series A,47.0,Pune,
RPG Ventures,,,,,Ugaoo,Houseplants & Urban Gardening,Series A,47.0,Pune,
360 ONE Asset,ashutosh.naik@iiflw.com,IN/AIF3/16-17/0286,Category III,Mumbai,Funstop Games,Casual Gaming,Series A,5000000.0,Delhi,
8vc,,,,,Thesys,AI Software,Seed Funding,4000000.0,Chennai,
Peak XV Surge,,,,,BiteSpeed,AI-powered Customer OS for E-commerce,Pre-Series A,3500000.0,Bengaluru,
Gaurav Munjal,,,,,BiteSpeed,AI-powered Customer OS for E-commerce,Pre-Series A,3500000.0,Bengaluru,
Aakash Anand,,,,,BiteSpeed,AI-powered Customer OS for E-commerce,Pre-Series A,3500000.0,Bengaluru,
Dhruv Vohra,,,,,BiteSpeed,AI-powered Customer OS for E-commerce,Pre-Series A,3500000.0,Bengaluru,
Leo Capital,,,,,Zeplyn,Wealth Management Software,Seed Funding,3000000.0,New York (Mumbai),
Converge,,,,,Zeplyn,Wealth Management Software,Seed Funding,3000000.0,New York (Mumbai),
Angels,,,,,Zeplyn,Wealth Management Software,Seed Funding,3000000.0,New York (Mumbai),
VC Funds,,,,,Zeplyn,Wealth Management Software,Seed Funding,3000000.0,New York (Mumbai),
Market One Capital,,IN/AIF1/17-18/0321,Category I,,Connecty AI,Enterprise AI Solutions,Pre-seed Round,1800000.0,"San Francisco, United States",
Notion Capital,,,,,Connecty AI,Enterprise AI Solutions,Pre-seed Round,1800000.0,"San Francisco, United States",
Marcin Zukowski,,,,,Connecty AI,Enterprise AI Solutions,Pre-seed Round,1800000.0,"San Francisco, United States",
Maciej Zawadzinski,,,,,Connecty AI,Enterprise AI Solutions,Pre-seed Round,1800000.0,"San Francisco, United States",
gradCapital,,,,,Airbound,Drone Technology,Seed Round,1700000.0,Mumbai,
Angel Investors,ashutosh.naik@iiflw.com,IN/AIF3/16-17/0286,Category III,Mumbai,Airbound,Drone Technology,Seed Round,1700000.0,Mumbai,
Tomorrow Capital,,,,,India IVF,Tech-enabled Fertility Platform,Pre-Series A,1240000.0,Gurugram,
Piper Serica Angel Fund,,,,,DesignX,Shopfloor Hyper-automation,Pre-Series A,1000000.0,Noida,
VC Grid,,,,,Pikndel,Same-day Delivery Service,Seed Round,1000000.0,New Delhi,
D2C Insider Angels,,,,,Pikndel,Same-day Delivery Service,Seed Round,1000000.0,New Delhi,
Breathe Capital,,,,,Pikndel,Same-day Delivery Service,Seed Round,1000000.0,New Delhi,
industry leaders,,,,,Pikndel,Same-day Delivery Service,Seed Round,1000000.0,New Delhi,
family offices,,,,,Pikndel,Same-day Delivery Service,Seed Round,1000000.0,New Delhi,
IIM Udaipur Incubation Centre,,,,,LegalKart,Legal Consultation,Funding Round,6.5,Gurugram,
Aevitas Capital,,,,,LegalKart,Legal Consultation,Funding Round,6.5,Gurugram,
Shift Alt Cap,,,,,LegalKart,Legal Consultation,Funding Round,6.5,Gurugram,
Physis Capital,,,,,Creanovation Technologies Pvt. Ltd,Admissions as a Service,Funding Round,5.0,Gurugram,
Ranjan Pai’s family office,,,,,Easy Home Finance,Home Financing,Fresh Funding Round,35000000.0,Mumbai,
Claypond Capital,,,,,Easy Home Finance,Home Financing,Fresh Funding Round,35000000.0,Mumbai,
Sumitomo Mitsui Banking Corporation’s Asia Rising Fund,,,,,Easy Home Finance,Home Financing,Fresh Funding Round,35000000.0,Mumbai,
Bharat Value Fund (BVF),,,,,Haldiram Bhujiawala,Snacks,Minority Stake,235.0,Kolkata,
managed by Pantomath Capital Management,,,,,Haldiram Bhujiawala,Snacks,Minority Stake,235.0,Kolkata,
Round2 Capital,,,,,EvoluteIQ,Tech Solutions,Equity and Debt Funding Round,20000000.0,Bengaluru (Regstd Indian Office),
Nordea Growth Fund,Info@1000x.co.in,IN/AIF2/25-26/1983,Category II,Kolkata,EvoluteIQ,Tech Solutions,Equity and Debt Funding Round,20000000.0,Bengaluru (Regstd Indian Office),
Dcap Select,,,,,EvoluteIQ,Tech Solutions,Equity and Debt Funding Round,20000000.0,Bengaluru (Regstd Indian Office),
PH Ventures,,,,,EvoluteIQ,Tech Solutions,Equity and Debt Funding Round,20000000.0,Bengaluru (Regstd Indian Office),
SMBC Asia Rising Fund,,,,,MODIFI,B2B BNPL,New Funding Round,15000000.0,New Delhi,
Maersk,,,,,MODIFI,B2B BNPL,New Funding Round,15000000.0,New Delhi,
Intesa Sanpaolo,,,,,MODIFI,B2B BNPL,New Funding Round,15000000.0,New Delhi,
Heliad,,,,,MODIFI,B2B BNPL,New Funding Round,15000000.0,New Delhi,
Pavestone,,,,,CynLr,Deep-tech Robotics,Series A,10000000.0,Bengaluru,
Athera Venture Partners,,,,,CynLr,Deep-tech Robotics,Series A,10000000.0,Bengaluru,
Infoedge (Redstart),,,,,CynLr,Deep-tech Robotics,Series A,10000000.0,Bengaluru,
and other investors,,,,,CynLr,Deep-tech Robotics,Series A,10000000.0,Bengaluru,
Mounttech Growth Fund,Info@1000x.co.in,IN/AIF2/25-26/1983,Category II,Kolkata,GalaxEye,Spacetech,Funding Participation,10000000.0,Bengaluru,
Lok Capital,,,,,Marut Dronetech,Drone-tech,Series A,6200000.0,Hyderabad,
Srikanth Reddy,,,,,Hala Mobility,EV-as-a-Service,Pre-Series A,51.0,Telangana,
Snehith Reddy,,,,,Hala Mobility,EV-as-a-Service,Pre-Series A,51.0,Telangana,
Phani Ramineni,,,,,Hala Mobility,EV-as-a-Service,Pre-Series A,51.0,Telangana,
Rohan Bajaj syndicate,,,,,Hala Mobility,EV-as-a-Service,Pre-Series A,51.0,Telangana,
Sarthy Angels,,,,,Hala Mobility,EV-as-a-Service,Pre-Series A,51.0,Telangana,
Bestvantage,,,,,Hala Mobility,EV-as-a-Service,Pre-Series A,51.0,Telangana,
Blacksoil (Debt),,,,,The Hosteller,Backpacker Hostel,Equity and Debt,48.0,Mumbai,
Arpit Khandelwal,,,,,CastNX,Deep-tech in Power Electronics,Investment,23.22,"Dewas, Madhya Pradesh",
Plutus Investments,,,,,CastNX,Deep-tech in Power Electronics,Investment,23.22,"Dewas, Madhya Pradesh",
Holding Private Limited,,,,,CastNX,Deep-tech in Power Electronics,Investment,23.22,"Dewas, Madhya Pradesh",
Endiya Partners,,,,,Pulse,SaaS AI Platform,Seed Round,1400000.0,Chennai,
Zluri founders,,,,,Pulse,SaaS AI Platform,Seed Round,1400000.0,Chennai,
Yellow.ai founders,,,,,Pulse,SaaS AI Platform,Seed Round,1400000.0,Chennai,
other angel investors,,,,,Pulse,SaaS AI Platform,Seed Round,1400000.0,Chennai,
SanchiConnect,,,,,Induz,Data Security,New Funding Round,780000.0,Hyderabad,
Infoedge Ventures,,,,,30 Sundays,AI Travel Agent,Pre-seed Round,770000.0,Gurgaon,
First Cheque,,,,,30 Sundays,AI Travel Agent,Pre-seed Round,770000.0,Gurgaon,
Eximius,,,,,30 Sundays,AI Travel Agent,Pre-seed Round,770000.0,Gurgaon,
Misfits,,,,,30 Sundays,AI Travel Agent,Pre-seed Round,770000.0,Gurgaon,
Gokul Rajaram,,,,,Innovartan Learning Solutions,EdTech,Pre-seed Funding,5.0,Noida,
Amit Singhal,,,,,Innovartan Learning Solutions,EdTech,Pre-seed Funding,5.0,Noida,
Bizdateup,,,,,MOOEV Technologies,Electric Vehicles,Seed Funding,4.0,Chennai,
Spectrum Impact (Aarti Industries Family Office),,,,,MOOEV Technologies,Electric Vehicles,Seed Funding,4.0,Chennai,
JITO Incubation,,,,,Heliware,3D Geospatial Platform,Pre-Series A,4.0,Kolkata,
Innovation Foundation (JIIF),,,,,Heliware,3D Geospatial Platform,Pre-Series A,4.0,Kolkata,
TiE,,,,,Heliware,3D Geospatial Platform,Pre-Series A,4.0,Kolkata,
Vatvistaar Ventures,,,,,Heliware,3D Geospatial Platform,Pre-Series A,4.0,Kolkata,
Prajay Advisors LLP,,,,,Sushain Wellness,HealthTech,Seed Round,2.0,Lucknow,
European angel investors,,,,,Viraa Care,HealthTech,Pre-seed Round,108000.0,Chandigarh,
CanBank Venture Capital Fund,,,,,QubeHealth,Healthcare Payments,Pre-Series-A,,Mumbai,
Avataar Venture Partners﻿,,,,,Finova Capital,MSME-focused NBFC,Series E,135000000.0,Jaipur,
Sofina﻿,,,,,Finova Capital,MSME-focused NBFC,Series E,135000000.0,Jaipur,
Madison India Capital﻿,,,,,Finova Capital,MSME-focused NBFC,Series E,135000000.0,Jaipur,
and Norwest Venture Partners,,,,,Finova Capital,MSME-focused NBFC,Series E,135000000.0,Jaipur,
Norwest Venture Partners,,,,,Vridhi Home Finance,Housing finance company,Series B,310.0,Bengaluru,
Lighthouse Canton,,,,,Udaan,B2B platform,Debt Financing,300.0,Bengaluru,
Stride Ventures,,,,,Udaan,B2B platform,Debt Financing,300.0,Bengaluru,
Nexus Venture Partners,,,,,Zinc,Edu-wealth,Seed funding,25500000.0,Bengaluru,
EDBI,,,,,Zinc,Edu-wealth,Seed funding,25500000.0,Bengaluru,
Global Ventures,,,,,Zinc,Edu-wealth,Seed funding,25500000.0,Bengaluru,
and Saison Capital,,,,,Zinc,Edu-wealth,Seed funding,25500000.0,Bengaluru,
US International Development Finance Corporation,,,,,Arya.ag,Grain Commerce,Financing Round,19800000.0,Noida,
Incred,,,,,ARYA,GPS Renewables',Mezzanine financing,100.0,Bengaluru,
Spark Capital,,,,,ARYA,GPS Renewables',Mezzanine financing,100.0,Bengaluru,
Fundraising for climate,,,,,Avaana Capital,Climate & Sustainability Tech,New Fund,135000000.0,Mumbai,
sustainability tech startups,,,,,Avaana Capital,Climate & Sustainability Tech,New Fund,135000000.0,Mumbai,
NTTVC,,,,,Neysa,AI Cloud,Series A,30000000.0,Mumbai,
Z47 (formerly Matrix Partners India),,,,,Neysa,AI Cloud,Series A,30000000.0,Mumbai,
Founders Fund,,,,,Even Healthcare,Managed Care,Series A,30000000.0,Bengaluru,
8VC,,,,,Even Healthcare,Managed Care,Series A,30000000.0,Bengaluru,
Lachy Groom,,,,,Even Healthcare,Managed Care,Series A,30000000.0,Bengaluru,
Omnivore,,,,,Stellapps,Dairy Tech Solutions,Equity and Debt Funding Round,26000000.0,Bengaluru,
Bill & Melinda Gates Foundation,,,,,Stellapps,Dairy Tech Solutions,Equity and Debt Funding Round,26000000.0,Bengaluru,
500 Global,,,,,Stellapps,Dairy Tech Solutions,Equity and Debt Funding Round,26000000.0,Bengaluru,
Blue Ashva Capital,,,,,Stellapps,Dairy Tech Solutions,Equity and Debt Funding Round,26000000.0,Bengaluru,
Miledeep Capital,,,,,Stellapps,Dairy Tech Solutions,Equity and Debt Funding Round,26000000.0,Bengaluru,
LeapFrog Investments,,,,,Healthify,Health & Wellness,New Funding Round,20000000.0,Bengaluru,
Aavishkaar Group,,,,,Zouk,D2C Bags & Luggage,Series B,10000000.0,Mumbai,
Stellaris Venture Partners,,,,,Zouk,D2C Bags & Luggage,Series B,10000000.0,Mumbai,
Sharrp Ventures,,,,,Zouk,D2C Bags & Luggage,Series B,10000000.0,Mumbai,
JJ Family,,,,,Zouk,D2C Bags & Luggage,Series B,10000000.0,Mumbai,
Yaletown Partners,,,,,OLOID,Workplace Tech,Series A1,6000000.0,Bengaluru,
Exposition Ventures,,,,,OLOID,Workplace Tech,Series A1,6000000.0,Bengaluru,
George Kaiser Family Foundation,,,,,OLOID,Workplace Tech,Series A1,6000000.0,Bengaluru,
Carya Ventures,,,,,OLOID,Workplace Tech,Series A1,6000000.0,Bengaluru,
Ashish Kacholia,,,,,Yu,Consumer Food,Series B,55.0,Gurugram,
Asian Promoter Group,,,,,Yu,Consumer Food,Series B,55.0,Gurugram,
Dynamic IT Solution Private Limited (Subsidiary of Brainbees Solutions),,,,,GlobalBees Brands,E-commerce,Investment,4.5,New Delhi,
Ankit Khnadelwal,,,,,WishNew Wellness,Wellness,Angel Round,250000.0,New Delhi,
Gyanesh Sharma (DotPe),,,,,WishNew Wellness,Wellness,Angel Round,250000.0,New Delhi,
Abhijeet Rana,,,,,WishNew Wellness,Wellness,Angel Round,250000.0,New Delhi,
Ashish Singh,,,,,WishNew Wellness,Wellness,Angel Round,250000.0,New Delhi,
Abu Dhabi Investment Authority (ADIA),,,,,Purplle,Beauty & Personal Care,Series F,1500.0,Mumbai,
TPG’s The Rise Fund,,,,,Eruditus,EdTech,Series F,150000000.0,Singapore,
Smith Point Capital,,,,,Neuron7.ai,Cloud-based Service Intelligence,Series B,44000000.0,United States,
BEENEXT Capital,,,,,Haber Nets,AI-Driven Robotics,New Funding Round,38000000.0,Mumbai,
3one4 Capital,,,,,Everstage,Sales Performance Management Software,Series B,30000000.0,Chennai,
Edelweiss Discover Fund,,,,,GIVA,Jewelry,Extended Series B,255.0,Bengaluru,
Nikhil Kamath (Zerodha),,,,,Primus Senior Living,Elder Care,Seed Round,20000000.0,Bengaluru,
Gruhas,,,,,Primus Senior Living,Elder Care,Seed Round,20000000.0,Bengaluru,
ElectriFI,,,,,Sistema.bio,Biogas-Tech,New Funding Round,15000000.0,Pune,
Chroma Impact Investment,,,,,Sistema.bio,Biogas-Tech,New Funding Round,15000000.0,Pune,
KawiSafi Ventures,,,,,Sistema.bio,Biogas-Tech,New Funding Round,15000000.0,Pune,
AXA IM Alts,,,,,Sistema.bio,Biogas-Tech,New Funding Round,15000000.0,Pune,
Flourish Ventures,,,,,SPRY Therapeutics,SaaS - Physical Therapy,New Funding Round,15000000.0,Mumbai,
Fidelity’s Eight Roads,,,,,SPRY Therapeutics,SaaS - Physical Therapy,New Funding Round,15000000.0,Mumbai,
F-prime Capital,,,,,SPRY Therapeutics,SaaS - Physical Therapy,New Funding Round,15000000.0,Mumbai,
GIFT City Structure,,,,,Anicut Capital,Alternative Asset Management,Private Credit Fund 3,11000000.0,Chennai,
Puro Wellness,,,,,Troo Good,Millet-Based Snacks,New Funding Round,9000000.0,Hyderabad,
Oaks Asset Management,,,,,Troo Good,Millet-Based Snacks,New Funding Round,9000000.0,Hyderabad,
V Ocean Investments,,,,,Troo Good,Millet-Based Snacks,New Funding Round,9000000.0,Hyderabad,
Aditya Birla Digital Fashion Ventures Ltd (ABDFVL),,,,,WROGN,Men’s Apparel,New Funding Round,75.0,Bengaluru,
Rajan Bajaj (Founder & CEO),,,,,Slice,FinTech,New Funding Round,71.7,Bengaluru,
Shastra VC,,,,,Simplismart,Tech,Series A Round,7000000.0,Bengaluru,
Akshay Kothari (Notion Co-founder),,,,,Simplismart,Tech,Series A Round,7000000.0,Bengaluru,
Ashish Kacholia (Lucky Investments),,,,,XDLINX Space Labs,Spacetech,Seed Round,7000000.0,Hyderabad,
E2MC,,,,,XDLINX Space Labs,Spacetech,Seed Round,7000000.0,Hyderabad,
Mana Ventures,,,,,XDLINX Space Labs,Spacetech,Seed Round,7000000.0,Hyderabad,
Alphawave,,,,,Dezy,HealthTech,Additional Funding,6000000.0,Bengaluru,
Chiratae Ventures,,,,,Dezy,HealthTech,Additional Funding,6000000.0,Bengaluru,
Peak XV’s Surge,,,,,Dezy,HealthTech,Additional Funding,6000000.0,Bengaluru,
Reach Capital,,,,,Suraasa,EdTech - Teacher Training,New Funding Round,6000000.0,Gurugram,
ETS Capital,,,,,Suraasa,EdTech - Teacher Training,New Funding Round,6000000.0,Gurugram,
NB Ventures,,,,,Suraasa,EdTech - Teacher Training,New Funding Round,6000000.0,Gurugram,
TSM Ventures,,,,,Suraasa,EdTech - Teacher Training,New Funding Round,6000000.0,Gurugram,
TRTL Ventures,,,,,Suraasa,EdTech - Teacher Training,New Funding Round,6000000.0,Gurugram,
Not disclosed,,,,,Wokelo,Due Diligence Tech,New Funding Round,4000000.0,New Delhi,
Zephyr Peacock,,,,,AGNIT Semiconductors,Semiconductors,Seed Round,3500000.0,Bengaluru,
Gulf Islamic Investments (GII),,,,,Yoho,Footwear,New Funding Round,27.0,Delhi,
Debt Round,,,,,Red Fort Capital,NBFC,Debt Funding,22.6,Mumbai,
Yali Capital,,,,,Perceptyne,Deep Tech AI & Robotics,Seed Round,3000000.0,Telangana,
Lumikai,,,,,Frammer AI,Video Content Creation,New Funding Round,2000000.0,New Delhi,
Lumis Partners,,,,,Febi.ai,Accounting & Tax Management SaaS,Pre-Series A Round,2000000.0,Gurgaon,
Virender Rana,,,,,Febi.ai,Accounting & Tax Management SaaS,Pre-Series A Round,2000000.0,Gurgaon,
Amit Chaudhary (Lenskart),,,,,Febi.ai,Accounting & Tax Management SaaS,Pre-Series A Round,2000000.0,Gurgaon,
Rohan Bhargava (Cashkaro),,,,,Febi.ai,Accounting & Tax Management SaaS,Pre-Series A Round,2000000.0,Gurgaon,
We Founder Circle,,,,,Nayan Tech,AI for Smart City Solutions,Pre-Series A Round,2000000.0,New Delhi,
Lets Venture,,,,,Nayan Tech,AI for Smart City Solutions,Pre-Series A Round,2000000.0,New Delhi,
FAAD Capital,,,,,Nayan Tech,AI for Smart City Solutions,Pre-Series A Round,2000000.0,New Delhi,
Angel Investors (Ankit Bhati,,,,,Tablesprint,No-Code App Builder,Seed Round,1000000.0,Pune,
Ajeet Khurana,,,,,Tablesprint,No-Code App Builder,Seed Round,1000000.0,Pune,
etc.),,,,,Tablesprint,No-Code App Builder,Seed Round,1000000.0,Pune,
Powerhouse Ventures,,,,,Holiday Tribe,Travel-Tech,Seed Round,5.4,Delhi,
GSF,,,,,Holiday Tribe,Travel-Tech,Seed Round,5.4,Delhi,
Dinesh Agarwal (IndiaMart),,,,,Holiday Tribe,Travel-Tech,Seed Round,5.4,Delhi,
Murugavel Janakiraman (BharatMatrimony),,,,,Holiday Tribe,Travel-Tech,Seed Round,5.4,Delhi,
Rohit Rajput,,,,,iRasus Technologies,Energy Analytics,Seed Round,4.0,Gurugram,
Srikar Reddy (IAN Angel),,,,,iRasus Technologies,Energy Analytics,Seed Round,4.0,Gurugram,
DFAN,,,,,iRasus Technologies,Energy Analytics,Seed Round,4.0,Gurugram,
Other Angel Investors,,,,,iRasus Technologies,Energy Analytics,Seed Round,4.0,Gurugram,
Zee Media,,,,,Flutrr,Vernacular Dating App,Investment in Startup,3.75,Kolkata,
Ivyleague Ventures,,,,,Social Hardware,Assistive Devices,Seed Round,3.2,Bengaluru,
Early Seed Ventures,,,,,Alchemyst AI,Gen-AI SaaS,Pre-Seed Round,300000.0,Mumbai,
Velocity (Cash Flow Financing Platform),,,,,Beaute Secrets,Beauty Tools,Cash Flow Financing,1.6,Gurugram,
Bharat Value Fund,Info@1000x.co.in,IN/AIF2/25-26/1983,Category II,Kolkata,Millenium Babycares,Hygiene care,Private Placement Round,120.0,Indore,
Stakeboat Capital Fund II,,,,,Economy Process Solutions,Vacuum systems and process equipment,Series A,100.0,Mumbai,
Hindon Mercantil,,,,,Urja Mobility,EV Battery Leasing,Pre-Series A,100.0,New Delhi,
Mufin Green Finance,,,,,Urja Mobility,EV Battery Leasing,Pre-Series A,100.0,New Delhi,
Edaphon,,,,,Bio Prime,Agribiotech,Series A,6000000.0,Pune,
Inflexor,,,,,Bio Prime,Agribiotech,Series A,6000000.0,Pune,
Serica Angel Fund,ashutosh.naik@iiflw.com,IN/AIF3/16-17/0286,Category III,Mumbai,Swara Fincare,NBFC,Series A,19.4,New Delhi,
UC Impower,,,,,Swara Fincare,NBFC,Series A,19.4,New Delhi,
individual investors,,,,,Figr,Product Design,Series A,2250000.0,Bengaluru,
and Kalaari Capital,,,,,Figr,Product Design,Series A,2250000.0,Bengaluru,
3One4 Capital,,,,,ZenStatement,Finance Automation and Cash Flow Management,Investment Round,1620000.0,Bengaluru,
Boldcap VC,,,,,ZenStatement,Finance Automation and Cash Flow Management,Investment Round,1620000.0,Bengaluru,
Atrium Angels,,,,,ZenStatement,Finance Automation and Cash Flow Management,Investment Round,1620000.0,Bengaluru,
Roots Ventures,,,,,Sports For Life,Sports Academies,Seed Round,1100000.0,Bengaluru,
ML Tondon,,,,,Sports For Life,Sports Academies,Seed Round,1100000.0,Bengaluru,
Sons HUF,,,,,Sports For Life,Sports Academies,Seed Round,1100000.0,Bengaluru,
Equirus InnovateX Fund,,,,,Datazip,Data Engineering,Seed Round,1000000.0,Bengaluru,
Goel Group,,,,,Onlygood ai,,Seed Round,4.0,,
IIT Madras Incubation Cell (IITMIC),,,,,Onlygood ai,,Seed Round,4.0,,
and Daimler India Commercial Vehicles (DICV),,,,,Onlygood ai,,Seed Round,4.0,,
Grand Anicut,,,,,Waycool,Agriculture supply chain,Debt Financing,100.0,Chennai,
CE-Ventures,,,,,BASIC Home Loan,Mortgage distribution,Series B,10600000.0,Gurgaon,
9 Unicorns,,,,,BASIC Home Loan,Mortgage distribution,Series B,10600000.0,Gurgaon,
and others,,,,,BASIC Home Loan,Mortgage distribution,Series B,10600000.0,Gurgaon,
RPSG Capital Ventures,,,,,Lissun,HealthTech,Pre-Series A,2500000.0,Gurugram,
Om Jain,,,,,Zintlr,SaaS,Seed Round,1000000.0,Bengaluru,
India Accelerator,,,,,IG Drones,DroneTech,Seed Round,1000000.0,Delhi,
Samantha Prabhu,,,,,Secret Alchemist,Wellness,Seed Round,5000000.0,Mumbai,
Exfinity Venture Partners,,,,,Str8bat,SportsTech,Series A,3500000.0,Bengaluru,
IndiaQuotient,,,,,Furnishka,Manufacturing,Pre-Series A,3200000.0,Bengaluru,
VentureSoul Partners,,,,,True Balance,LendingTech,Debt,2400000.0,Gurugram,
Negen Capital,,,,,Digilogic Systems India,AeroSpace,Undisclosed Round,,Hyderabad,
Baring PE India,,,,,SanchiConnect,DeepTech,Undisclosed Round,,Noida,
Seafund,,,,,SanchiConnect,DeepTech,Undisclosed Round,,Noida,
8X,,,,,SanchiConnect,DeepTech,Undisclosed Round,,Noida,
Sachin Tendulkar,,,,,Sugar.fit,HealthTech,Strategic Round,,Bengaluru,
Binny,,,,,Curefoods Raises,Cloud Kitchen,,9600000.0,Bengaluru,
Jitender Kumar Bansal,,,,,Curefoods Raises,Cloud Kitchen,,9600000.0,Bengaluru,
360One Asset,ashutosh.naik@iiflw.com,IN/AIF3/16-17/0286,Category III,Mumbai,Qure.ai,HealthTech,Series D,65000000.0,Mumbai,
Wint Wealth,ronak@11hadvisors.com,IN/AIF3/23-24/1391,Category III,Ahmedabad,Care.fi,FinTech,Debt Funding,8.0,Bengaluru,
Caspian,,,,,Care.fi,FinTech,Debt Funding,8.0,Bengaluru,
General Catalyst﻿,,,,,Nurix AI,AI,Series A,27500000.0,Bengaluru,
and Meraki Labs,,,,,Nurix AI,AI,Series A,27500000.0,Bengaluru,
AUM Ventures,,,,,Sharang Shakti,RoboTech,Pre-Seed,,$0.7 million,
OrbiMed Asia,,,,,Kapiva,Ayurvedic,Series C,,$10 million,
Aeravti Ventures,,,,,Oright,LegalTech,Seed Round,,$1 million,
Girish Mathrubootham,,,,,jhana.ai,HRTech,Seed Round,,$1.6 million,
Strom Ventures,,,,,Atomicwork,BioTech,Seed Round,,$3 million,
Neon Fund,,,,,Atomicwork,BioTech,Seed Round,,$3 million,
Sinar Mas,,,,,AdOnMo,AdTech,Undisclosed Round,,25M,
Rigel Capital,,,,,AdOnMo,AdTech,Undisclosed Round,,25M,
Peak XV Partner’s accelerator program Surge,,,,,The Health Factory,FoodTech,Seed Round,,3.5M,
Hero Enterprise,,,,,Homelane,SaaS,Undisclosed Round,,27M,
Sweet Nectar Investments (Warburg Pincus),,,,,Whatfix,SaaS,Primary & Secondary Funding,100000000.0,,
SoftBank,,,,,Whatfix,SaaS,Primary & Secondary Funding,100000000.0,,
Taj Investment Holdings,nk@108.vc,IN/AIF2/23-24/1349,Category II,Mumbai,M2P Fintech,API Infrastructure,Series C Round,417.5,,
International Finance Corporation,,,,,Onsurity,Healthcare - Employee Benefits,Series B Round,45000000.0,,
IFU,,,,,Redcliffe Labs,Diagnostics - Healthcare,Series C Round,42000000.0,,
LeapFrog,,,,,Redcliffe Labs,Diagnostics - Healthcare,Series C Round,42000000.0,,
HealthQuad,,,,,Redcliffe Labs,Diagnostics - Healthcare,Series C Round,42000000.0,,
Spark Growth Ventures,Info@1000x.co.in,IN/AIF2/25-26/1983,Category II,Kolkata,Redcliffe Labs,Diagnostics - Healthcare,Series C Round,42000000.0,,
Uber,,,,,Everest Fleet,Mobility,Series C Round,251.7,,
ABC Impact,,,,,Aye Finance,Microlending,Series G Round,250.0,,
WestBridge Capital,,,,,Way2News,Hyperlocal News,New Round,14000000.0,,
Sashi Reddi,,,,,Way2News,Hyperlocal News,New Round,14000000.0,,
Rabo Partnerships B.V.,,,,,Kaleidofin,FinTech,New Round,13800000.0,,
Michael & Susan Dell Foundation,,,,,Kaleidofin,FinTech,New Round,13800000.0,,
Oikocredit,,,,,Kaleidofin,FinTech,New Round,13800000.0,,
Omidyar Network,,,,,Kaleidofin,FinTech,New Round,13800000.0,,
360 One Ventures,,IN/AIF1/17-18/0321,Category I,,DailyObjects,D2C - Tech Accessories,New Funding Round,86.0,,
Beenext,,,,,e6data,Data Infrastructure,New Round,10000000.0,,
Gaingels,,,,,Vahan.ai,Blue Collar Recruitment,Series B Round,10000000.0,,
Orios Ventures,,,,,NowPurchase,SaaS,Equity & Debt Round,6000000.0,,
100 Unicorns,,,,,NowPurchase,SaaS,Equity & Debt Round,6000000.0,,
Pravega Fund,,,,,GrayQuest,FinTech,Series B Round,53.0,,
IIFL Fintech Fund,,,,,GrayQuest,FinTech,Series B Round,53.0,,
Ultrahuman Founders,,,,,Schmooze,Dating App,New Round,4000000.0,,
The Souled Store Founders,,,,,Schmooze,Dating App,New Round,4000000.0,,
Paytm Founders,,,,,Schmooze,Dating App,New Round,4000000.0,,
Kuldeep Mathur,,,,,Proxgy,Deeptech - Smart Assistance,Funding Round,2200000.0,,
Dallas Venture Capital,,,,,Bluecopa,FinOps Automation,Pre-Series A,1800000.0,,
Family Office,,,,,Newmi Care,Women's Health & Wellness,Seed Round,1500000.0,,
LetsVenture,,,,,Newmi Care,Women's Health & Wellness,Seed Round,1500000.0,,
Sarcha Advisors,,,,,Newmi Care,Women's Health & Wellness,Seed Round,1500000.0,,
Key Ventures,,,,,Newmi Care,Women's Health & Wellness,Seed Round,1500000.0,,
Cricketer Rishabh Pant,,,,,TechJockey,Software Marketplace,Strategic Stake Acquisition,7.4,,
Founders of redBus,,,,,Billion Hearts Software Technologies,Tech,Angel Round,250000.0,,
Ola,,,,,Billion Hearts Software Technologies,Tech,Angel Round,250000.0,,
InMobi,,,,,Billion Hearts Software Technologies,Tech,Angel Round,250000.0,,
Myntra,,,,,Billion Hearts Software Technologies,Tech,Angel Round,250000.0,,
Prajay Advisors,,,,,Kaatil,Hot Condiments,Seed Round,,,
Shivaan Ghai,,,,,Kaatil,Hot Condiments,Seed Round,,,
Romil Ratra,,,,,Kaatil,Hot Condiments,Seed Round,,,
Hornbill Capital,,,,,PhysicsWallah,EdTech,Series B,210000000.0,,
Westbridge Capital,,,,,PhysicsWallah,EdTech,Series B,210000000.0,,
and Lightspeed Venture Partners,,,,,PhysicsWallah,EdTech,Series B,210000000.0,,
Mumbai Angels Network,,,,,Big Bang Boom,Defence,Funding Round (Undisclosed),250.0,,
Vyom Family Office,,,,,Big Bang Boom,Defence,Funding Round (Undisclosed),250.0,,
SBI,,,,,Big Bang Boom,Defence,Funding Round (Undisclosed),250.0,,
Asquare Investing,,,,,Big Bang Boom,Defence,Funding Round (Undisclosed),250.0,,
Peak XV's Surge,,,,,Elivaas,Villa and apartment management,Series A,5000000.0,,
and other angel investors,,,,,Elivaas,Villa and apartment management,Series A,5000000.0,,
GMO Payment Gateway,,,,,Drip Capital,FinTech,Equity & Debt,113000000.0,"Palo Alto, US",
SMBC,,,,,Drip Capital,FinTech,Equity & Debt,113000000.0,"Palo Alto, US",
MARS Growth Capital (MUFG,,,,,InMobi,Mobile Advertising - Software,Debt Financing,100000000.0,Bengaluru,
Liquidity Group),,,,,InMobi,Mobile Advertising - Software,Debt Financing,100000000.0,Bengaluru,
Accion,,,,,FlexiLoans,MSME-Focused FinTech,Series C,290.0,Mumbai,
Nuveen,,,,,FlexiLoans,MSME-Focused FinTech,Series C,290.0,Mumbai,
Fundamentum,,,,,FlexiLoans,MSME-Focused FinTech,Series C,290.0,Mumbai,
Maj Invest,,,,,FlexiLoans,MSME-Focused FinTech,Series C,290.0,Mumbai,
Paramark VC,,,,,Centricity,Wealthtech,Seed Round,20000000.0,Gurugram,
Burman Family Office,,,,,Centricity,Wealthtech,Seed Round,20000000.0,Gurugram,
MS Dhoni Family Office,,,,,Centricity,Wealthtech,Seed Round,20000000.0,Gurugram,
Susquehanna Asia VC,,,,,AppsForBharat,Devotional App - Tech,Series B,18000000.0,Bengaluru,
Mirae Asset VC,ashutosh.naik@iiflw.com,IN/AIF3/16-17/0286,Category III,Mumbai,AppsForBharat,Devotional App - Tech,Series B,18000000.0,Bengaluru,
Kalaari Capital,,,,,Clean Electric,Energy Storage,Series A,6000000.0,Pune,
Avaana Capital,,,,,Dharaksha Ecosolutions,Biotech,Seed Round,24.8,New Delhi,
Bestvantage Investments,,,,,Mitra,FMCG - D2C,Pre-Series A,11.0,Mumbai,
Dubai-based Family Office,,,,,Mitra,FMCG - D2C,Pre-Series A,11.0,Mumbai,
Colossa Ventures,,,,,Exposome,Clean-tech,Pre-Series A,10.0,Mumbai,
3i Partners,,,,,Exposome,Clean-tech,Pre-Series A,10.0,Mumbai,
Bhukhanvala Holdings,nk@108.vc,IN/AIF2/23-24/1349,Category II,Mumbai,Exposome,Clean-tech,Pre-Series A,10.0,Mumbai,
Excel Industries,,,,,Exposome,Clean-tech,Pre-Series A,10.0,Mumbai,
Spectrum Impact,,,,,Exposome,Clean-tech,Pre-Series A,10.0,Mumbai,
Paradigm Shift Capital,,,,,Zivy,AI - Workplace Solutions,Pre-seed Round,1200000.0,Bengaluru,
iSeed,,,,,Zivy,AI - Workplace Solutions,Pre-seed Round,1200000.0,Bengaluru,
Everywhere Ventures,,,,,Zivy,AI - Workplace Solutions,Pre-seed Round,1200000.0,Bengaluru,
SucSEED Indovation Fund,,,,,GameEon,Gaming - Game Development,Funding Round,1000000.0,Mumbai,
ICE VC,,,,,GameEon,Gaming - Game Development,Funding Round,1000000.0,Mumbai,
IAN,,,,,GameEon,Gaming - Game Development,Funding Round,1000000.0,Mumbai,
CD EQUIFINANCE,,,,,GameEon,Gaming - Game Development,Funding Round,1000000.0,Mumbai,
Nexus Global Opportunities Fund,,,,,GameEon,Gaming - Game Development,Funding Round,1000000.0,Mumbai,
Social Alpha,info@paulasset.com,IN/AIF3/24-25/1602,Category III,Kolkata,Wundrsight,Digital Therapeutics,Seed Round,400000.0,Bengaluru,
WLDD,,,,,Supersquad,Creator Monetization,Funding Round,2.1,Mumbai,
Nitin Rajput,,,,,Supersquad,Creator Monetization,Funding Round,2.1,Mumbai,
Jivraj Singh Sachar,,,,,Supersquad,Creator Monetization,Funding Round,2.1,Mumbai,
All In Capital,,,,,Trisu,Jewelry - D2C,Pre-seed Round,,Jaipur,
JK Tyres,,,,,Trisu,Jewelry - D2C,Pre-seed Round,,Jaipur,
Amaanta Group,,,,,Trisu,Jewelry - D2C,Pre-seed Round,,Jaipur,
Proparco,,,,,Omnivore,AgriTech,Funding Round,5000000.0,Mumbai,
Artha Ventures,,,,,Futwork,Call-center Solutions,Series A,20.9,Mumbai,
Simile Capital,,,,,Futwork,Call-center Solutions,Series A,20.9,Mumbai,
Shadow Ventures,,,,,Track3D,Ai Construction Industry,Seed Round,4300000.0,-,
Monta Vista Capital,,,,,Track3D,Ai Construction Industry,Seed Round,4300000.0,-,
AC Ventures,,,,,Crackle Technologies,Adtech,Pre-seed Round,1700000.0,Delhi,
Quantiphi,,,,,Transcell Biologics,Biotech,-,,Hyderabad,
IAN Group,,,,,Transcell Biologics,Biotech,-,,Hyderabad,
Think Investments,,,,,Rapido,Bike-Taxi Aggregator,Series E,200000000.0,Bengaluru,
Invus Opportunities,,IN/AIF1/17-18/0321,Category I,,Rapido,Bike-Taxi Aggregator,Series E,200000000.0,Bengaluru,
Verlinvest,,,,,Blue Tokai,Coffee and Bakery,Series C,35000000.0,Gurugram,
A91 Partners,,,,,Blue Tokai,Coffee and Bakery,Series C,35000000.0,Gurugram,
Info Edge,,,,,Clean Electric,Energy Storage,Series A,48.5,Pune,
Kotak Alternate Asset Managers,,,,,Nutrabay,D2C Retail,Series A,5000000.0,New Delhi,
V Cube Ventures,,,,,The Hosteller,Backpacker Hostel,Series A,32.0,Mumbai,
LetsVenture Angel Fund,ashutosh.naik@iiflw.com,IN/AIF3/16-17/0286,Category III,Mumbai,The Hosteller,Backpacker Hostel,Series A,32.0,Mumbai,
Angelist,,,,,The Hosteller,Backpacker Hostel,Series A,32.0,Mumbai,
Others,,,,,The Hosteller,Backpacker Hostel,Series A,32.0,Mumbai,
Kae Capital,,,,,RecommerceX,Chemical Recycling,Seed Round,3600000.0,Noida,
Family Offices,,,,,Invest4Edu,EdTech,Seed Round,3000000.0,Mumbai,
35North India Discovery Fund – II,tejasshah@31degreesnorth.in,IN/AIF3/25-26/1798,Category III,Ahmedabad,Global Care,Medical Tourism,Series A,3000000.0,Gurugram,
Vertex Ventures SEA & India,,,,,BigEndian Semiconductors,Semiconductors,Funding Round,3000000.0,Bengaluru,
Rainmatter Capital,,,,,TruNativ,Nutrition,Funding Round,25.0,Mumbai,
Prath Ventures,,,,,Theater,Fashion,Pre-Series A,1500000.0,Chandigarh,
Existing Angel Investors,,,,,Theater,Fashion,Pre-Series A,1500000.0,Chandigarh,
Andrew Johnston,,,,,Spolto,Sports-Tech,Seed Round,1000000.0,Pune,
Waveform Ventures,,,,,Valyx,B2B Financial Management,Pre-Seed Round,800000.0,Bengaluru,
Propell Fund,,,,,Valyx,B2B Financial Management,Pre-Seed Round,800000.0,Bengaluru,
Rainmatter,,,,,Boson Whitewater,Water Recycling,Equity Funding,10.0,Bengaluru,
Chandigarh Angel Network,,,,,LiaPlus AI,Customer Support Solutions,Seed Round,2.0,New Delhi,
Growth91,,,,,LiaPlus AI,Customer Support Solutions,Seed Round,2.0,New Delhi,
Mumbai Angels,,,,,ReCircle,Cleantech,Bridge Funding Round,,Mumbai,
1Crowd,,,,,Nautical Wings,Aerospace,Pre-Series A,,Bengaluru,
AllianceDAO,,,,,0xPPL,Social Networking - Blockchain,Strategic Funding Round,,Bengaluru,
Anagram,,,,,0xPPL,Social Networking - Blockchain,Strategic Funding Round,,Bengaluru,
Tata Capital,,,,,Sunsure Energy,Renewable Energy,Debt Financing,226.0,Haryana,
Innovation Foundation,,,,,Plan B,D2C Kids Innerwear,Funding Round,,Mumbai,
Bajaj Holdings,nk@108.vc,IN/AIF2/23-24/1349,Category II,Mumbai,Servify,Post-sales Services,Series D,84.0,Mumbai,
Innoven Capital,,,,,Servify,Post-sales Services,Series D,84.0,Mumbai,
Fireside,,,,,Pilgrim,Beauty and Personal Care,Extended Series B,75.0,Mumbai,
Vertex Ventures,,,,,Pilgrim,Beauty and Personal Care,Extended Series B,75.0,Mumbai,
SIDBI,,,,,Aroa Venture Partners,Investment Fund,Capital Commitment,40.0,Gurgaon,
UP Government's Fund,,,,,Aroa Venture Partners,Investment Fund,Capital Commitment,40.0,Gurgaon,
Brickwork,,,,,Legends League Cricket (LLC),Sports,Equity Round,39.0,Delhi,
Veena Jindal,,,,,HouseEazy,Real Estate,Series A,33.5,Noida,
IA,,,,,HouseEazy,Real Estate,Series A,33.5,Noida,
TRTL VC,,,,,LoanKuber,Financial Services,Pre-Series B,3500000.0,New Delhi,
ICMG,,,,,Ben & Gaws,Manufacturing Tech,Pre-Series A,3000000.0,New Delhi,
Irani Family Office,,,,,Cambrian Bioworks,Biotechnology,Seed Round,1450000.0,Bengaluru,
Vaibhav Hegde,,,,,Cambrian Bioworks,Biotechnology,Seed Round,1450000.0,Bengaluru,
Angel Investor,ashutosh.naik@iiflw.com,IN/AIF3/16-17/0286,Category III,Mumbai,The Hive Hostels,Hospitality,Pre-IPO Funding Round,11.5,Mumbai,
Sixth Sense Ventures,,,,,The Hive Hostels,Hospitality,Pre-IPO Funding Round,11.5,Mumbai,
IAN Alpha Fund,info@paulasset.com,IN/AIF3/24-25/1602,Category III,Kolkata,Serigen Mediproducts,Biomedical Products,Funding Round,10.0,Pune,
angels,,,,,Serigen Mediproducts,Biomedical Products,Funding Round,10.0,Pune,
AIG Direct LLC,,,,,Acadru,EdTech,Pre-Series A,500000.0,Gurgaon,
Skywalker,,,,,ODA Class,EdTech,Series B,500000.0,Bengaluru,
Daituzi,,,,,ODA Class,EdTech,Series B,500000.0,Bengaluru,
Matrix Partners China,,,,,ODA Class,EdTech,Series B,500000.0,Bengaluru,
Gaurav Kumar,,,,,Yubi,FinTech,Equity capital,30000000.0,Chennai,
StartupXseed,,,,,Plutos ONE,Digital Services for Banking Sector,Seed Round,2000000.0,New Delhi,
Genesia Ventures,,,,,Plutos ONE,Digital Services for Banking Sector,Seed Round,2000000.0,New Delhi,
Auxano Capital,,,,,Plutos ONE,Digital Services for Banking Sector,Seed Round,2000000.0,New Delhi,
Raghuvanshi Investment,,,,,Plutos ONE,Digital Services for Banking Sector,Seed Round,2000000.0,New Delhi,
Asia Impact,,,,,Agrim,B2B Agri-inputs,Series B,17300000.0,Gurugram,
Anchor Investors,,,,,Baazar Style,Luxury Fashion,-,250.0,Kolkata,
Heritas Capital,,,,,Kreedo,EdTech,Series A,4000000.0,Bengaluru,
YourNest,,,,,DeepMatrix,Deep Tech,Funding Round,1600000.0,Bengaluru,
Arali Ventures,,,,,DeepMatrix,Deep Tech,Funding Round,1600000.0,Bengaluru,
Faering Capital,,,,,Hangyo,Food and Beverage,Venture Funding,25000000.0,Mangalore,
M&G Investments,,,,,Livpure,Appliances,Funding Round,208.0,Gurugram,
Ncubate Capital Partners,,,,,Livpure,Appliances,Funding Round,208.0,Gurugram,
Existing investors,,,,,Axio,Online Lending,Right Issue,167.0,Bengaluru,
Lucky Investment Managers,,,,,InvestorAi,Equity Investment Platform,Series A,80.0,London,
JM Financial,,,,,FlexiLoans,FinTech,Non-convertible debt,75.0,Mumbai,
JM Financial Private Equity,Meetali.Mistry@iiflw.com,IN/AIF3/12-13/0016,Category III,Mumbai,Zoff,Spices,Funding Round,40.0,Raipur,
8i Ventures,,,,,TransBnk,FinTech,Series A,4000000.0,New Delhi,
Accion Venture Lab,,,,,TransBnk,FinTech,Series A,4000000.0,New Delhi,
Ratio Ventures,,,,,TransBnk,FinTech,Series A,4000000.0,New Delhi,
Force Ventures,,,,,TransBnk,FinTech,Series A,4000000.0,New Delhi,
SenseAI Ventures,,,,,LLUMO AI,AI Optimisation,Seed Round,1000000.0,Noida,
AumVC,,,,,LLUMO AI,AI Optimisation,Seed Round,1000000.0,Noida,
Venture Catalyst,,,,,LLUMO AI,AI Optimisation,Seed Round,1000000.0,Noida,
IIM Indore Alumni Angel fund,,,,,LLUMO AI,AI Optimisation,Seed Round,1000000.0,Noida,
Cornerstone Ventures,,,,,Dopplr,Virtual Try-on Solutions,Funding Round,750000.0,Bengaluru,
U.S-based BAT VC,,,,,Dopplr,Virtual Try-on Solutions,Funding Round,750000.0,Bengaluru,
Viral Bajaria,,,,,Revrag,B2B Sales,Pre-Seed Round,600000.0,Bengaluru,
Kunal Shah,,,,,Revrag,B2B Sales,Pre-Seed Round,600000.0,Bengaluru,
Deepak Anchala,,,,,Revrag,B2B Sales,Pre-Seed Round,600000.0,Bengaluru,
Vetri Vellore,,,,,Revrag,B2B Sales,Pre-Seed Round,600000.0,Bengaluru,
Pontaq VC,,,,,NxtQube,Dronetech,Seed Round,,Nasik,
Ananta Bizcon LLP,,,,,NxtQube,Dronetech,Seed Round,,Nasik,
Rushikesh Bhandari,,,,,NxtQube,Dronetech,Seed Round,,Nasik,
InCred Wealth,ronak@11hadvisors.com,IN/AIF3/23-24/1391,Category III,Ahmedabad,Oyo,Hospitality,Series G,1457.0,Gurgaon,
Patient Capital,,,,,Oyo,Hospitality,Series G,1457.0,Gurgaon,
J&A Partners,,,,,Oyo,Hospitality,Series G,1457.0,Gurgaon,
Mankind Pharma promoters' family office,,,,,Oyo,Hospitality,Series G,1457.0,Gurgaon,
ASK Financial,,,,,Oyo,Hospitality,Series G,1457.0,Gurgaon,
National Investment,,,,,Ather Energy,EV,Funding Round,600.0,Bengaluru,
Infrastructure Fund (NIIF),,,,,Ather Energy,EV,Funding Round,600.0,Bengaluru,
MUFG Bank,,,,,Neo,Wealth and Asset Management,Series B,400.0,Mumbai,
Euclidean Capital LLC,,,,,Neo,Wealth and Asset Management,Series B,400.0,Mumbai,
Valar Ventures,,,,,Syfe,FinTech,Funding Round,27000000.0,Gurugram,
Unbound,,,,,Syfe,FinTech,Funding Round,27000000.0,Gurugram,
two UK family offices,,,,,Syfe,FinTech,Funding Round,27000000.0,Gurugram,
Maniv,,,,,Fresh Bus,Electric Intercity Bus,Series A,87.5,Hyderabad,
Riverwalk Holdings,nk@108.vc,IN/AIF2/23-24/1349,Category II,Mumbai,Fresh Bus,Electric Intercity Bus,Series A,87.5,Hyderabad,
Titan Capital Winners Fund,,,,,Beco,Eco-Friendly Products,Pre-Series B,10000000.0,Mumbai,
Manish Choksi,,,,,Beco,Eco-Friendly Products,Pre-Series B,10000000.0,Mumbai,
Rukam Capital,,,,,Beco,Eco-Friendly Products,Pre-Series B,10000000.0,Mumbai,
Synergy Capital,,,,,Beco,Eco-Friendly Products,Pre-Series B,10000000.0,Mumbai,
Random Walk Solutions,,,,,Innoviti,Payment Gateway,Series E,70.0,Bengaluru,
Patni Family Office,,,,,Innoviti,Payment Gateway,Series E,70.0,Bengaluru,
Alumni Ventures,,,,,Innoviti,Payment Gateway,Series E,70.0,Bengaluru,
Antler India,,,,,HealthCRED,B2B Healthcare Financing,Seed Round,1200000.0,New Delhi,
iSeedVC,,,,,HealthCRED,B2B Healthcare Financing,Seed Round,1200000.0,New Delhi,
Angel List India,ashutosh.naik@iiflw.com,IN/AIF3/16-17/0286,Category III,Mumbai,HealthCRED,B2B Healthcare Financing,Seed Round,1200000.0,New Delhi,
Piper Serica VC,,,,,Six Sense Mobility,Smart Mobility,Seed Round,6.0,Mumbai,
Anicut,,,,,MiClient,AI-driven B2B Sales Platform,Seed Round,3.9,Gurugram,
RTAF,,,,,MiClient,AI-driven B2B Sales Platform,Seed Round,3.9,Gurugram,
Keiretsu,,,,,MiClient,AI-driven B2B Sales Platform,Seed Round,3.9,Gurugram,
NuVentures,,,,,Adukale,FMCG,Funding Round,,Bangalore,
Games24x7,,,,,CricHeroes,Sportstech,Series B1,,Ahmedabad,
WeFounderCircle,,,,,CricHeroes,Sportstech,Series B1,,Ahmedabad,
Eagle10 Ventures,,,,,CricHeroes,Sportstech,Series B1,,Ahmedabad,
Ivy Growth,Info@1000x.co.in,IN/AIF2/25-26/1983,Category II,Kolkata,CricHeroes,Sportstech,Series B1,,Ahmedabad,
Evolvence India Fund,,,,,GenWorks Health,Healthcare,Funding Round,41.0,Bengaluru,
NG Family Trust,,,,,Oneiric11 Gaming,Esports and Gaming Platform,Pre-Series A,1000000.0,Chandigarh,
TAC Holdings,nk@108.vc,IN/AIF2/23-24/1349,Category II,Mumbai,Oneiric11 Gaming,Esports and Gaming Platform,Pre-Series A,1000000.0,Chandigarh,
Promoters,,,,,BiofuelCircle,Marketplace for biomass and biofuel,Funding Round,45.0,Pune,
Acquired assets of DeltiasGaming.com,,,,,Absolute Sports,Sports Media,Acquisition,,Bengaluru,
Docprime Technologies,info@paulasset.com,IN/AIF3/24-25/1602,Category III,Kolkata,Visit Health,Healthcare,Fundraise,250.0,"California, US",
promoters,,,,,Visit Health,Healthcare,Fundraise,250.0,"California, US",
employees,,,,,Visit Health,Healthcare,Fundraise,250.0,"California, US",
Singapore-based EDBI,,,,,ShareChat,Social Media Company,Debt Round,16000000.0,Bengaluru,
Capria Ventures,,,,,Agrizy,AgriTech,Series A,9800000.0,Bengaluru,
Thai Wah Ventures,,,,,Agrizy,AgriTech,Series A,9800000.0,Bengaluru,
Bertelsmann,,,,,Scimplify,Speciality Chemicals,Series A,9500000.0,Bengaluru,
JB-Dooeun,,,,,Kindlife.in,"Beauty, wellness, and health",Series A,8000000.0,New Delhi,
TK Fund,,,,,Kindlife.in,"Beauty, wellness, and health",Series A,8000000.0,New Delhi,
MIXI Global Investments,,,,,Kindlife.in,"Beauty, wellness, and health",Series A,8000000.0,New Delhi,
Siana Capital,,,,,Metadome.ai,XR Startup,Series A,6500000.0,"Troy, Michigan",
3to-1 Capital,,,,,Metadome.ai,XR Startup,Series A,6500000.0,"Troy, Michigan",
Manish Choksi’s family office,,,,,Metadome.ai,XR Startup,Series A,6500000.0,"Troy, Michigan",
BIG Global Investments JSC,,,,,EthrealX,Healthcare,Seed Round,5000000.0,Bengaluru,
BlueHill Capital,,,,,EthrealX,Healthcare,Seed Round,5000000.0,Bengaluru,
Campus Fund,,,,,EthrealX,Healthcare,Seed Round,5000000.0,Bengaluru,
Golden Sparrow Ventures,,,,,EthrealX,Healthcare,Seed Round,5000000.0,Bengaluru,
Sidbi Venture Capital,,,,,SigTuple Medtech,Medtech,Series C Extension,33.0,Bengaluru,
Ruchi Deepak,,,,,Juleo,Dating App,Funding Round,2500000.0,Delhi,
Harsh Jain,,,,,Juleo,Dating App,Funding Round,2500000.0,Delhi,
Lalit Keshre,,,,,Juleo,Dating App,Funding Round,2500000.0,Delhi,
Chona Family,,,,,Neuron Energy,EV Batteries,Series A,20.0,Mumbai,
Capri Global Family Office,,,,,Neuron Energy,EV Batteries,Series A,20.0,Mumbai,
Angel Bay India Accelerator,,,,,FINQY,FinTech,Funding Round,2000000.0,Mumbai,
Private Investors,Meetali.Mistry@iiflw.com,IN/AIF3/12-13/0016,Category III,Mumbai,FINQY,FinTech,Funding Round,2000000.0,Mumbai,
Sunicon Ventures,,,,,Hyperbots,"AI for Finance, Accounting",Seed Round,2000000.0,Dover,
Several Family Offices,,,,,Burma Burma,Vegan Restaurant,Equity Investment,2000000.0,Mumbai,
UBS Optimus Foundation,,,,,Karma Primary Healthcare,HealthTech,Series A,11.0,Udaipur,
Gruhas Collective Consumer Fund (GCCF),,,,,Bebe Burp,Baby Food,Pre-Series A,8.0,Surat,
Hatcher+,,,,,Cellivate Technologies,Biotech,Seed Round,1000000.0,Singapore,
RK Family Trust,,,,,CURRYiT,Food and Beverages,Seed Round,4.5,New Delhi,
Tangent Advisors,,,,,CURRYiT,Food and Beverages,Seed Round,4.5,New Delhi,
Freeflow Ventures,,,,,CURRYiT,Food and Beverages,Seed Round,4.5,New Delhi,
Mithun Sacheti,,,,,IppoPay,FinTech,Funding Round,,Chennai,
Siddhartha Sacheti,,,,,IppoPay,FinTech,Funding Round,,Chennai,
Acquired Fusebox Games Limited,,,,,Nazara Technologies,"Gaming, Media",Acquisition,27000000.0,Mumbai,
Acquired 54% in Rediff.com India Ltd,,,,,Infibeam Avenues,FinTech,Acquisition,54.0,"GiFT, Gandhinagar",
Acquired additional 48.42% in Paper Boat Apps (PBA),,,,,Nazara Technologies,"Gaming, Media",Acquisition,,Mumbai,
Anchor investors,,,,,Unicommerce,SaaS,-,124.5,New Delhi,
Snamsolutions,,,,,Neeman's,Consumer – Fashion Tech,Series B,3950000.0,Telangana,
Startup India,,,,,EveoAI,Consumer – Fashion Tech,Seed,27800.0,Gujarat,
Madhusudan Kela,,,,,Wow Momo,Food Service Chains,Series D,8350000.0,West Bengal,
BeyondSeed,,,,,Wellwith,Food & Beverage Products,Seed,145000.0,Uttar Pradesh,
Zerodha,,,,,AquaAirX,Service Robots,Seed,1390000.0,Karnataka,
Idapthub,,,,,Clipo,Video Creation Tools,Seed,55800.0,Uttar Pradesh,
Phoenix Angels,,,,,Oppam,Healthcare Booking,Seed,167000.0,Kerala,
India SME Investments,,,,,Loksuvidha,Consumer & SME Loans,Series A,2120000.0,Maharashtra,
Venkat Ramaswamy,,,,,Suditi Industries,Contract Manufacturing,Post-IPO,6570000.0,Maharashtra,
Premier Energies,,,,,Transcon Ind,Electricity Equipment,Series B,27900000.0,Telangana,
ValueQuest,,,,,Coreel,Embedded Systems,Series B,30000000.0,Karnataka,
Jungle Ventures,,,,,Prosperr,FinTech – Tax Tech,Seed,4000000.0,Karnataka,
Community Investment Management,,,,,True Balance,Alternative Lending,Debt,75000000.0,Haryana,
Kriti Sanon,,,,,Supply6,Nutraceuticals,Angel,,Karnataka,
MUFG,,,,,Shriram Finance,Consumer & SME Loans,Post-IPO,4420000000.0,Maharashtra,
Motilal Oswal,,,,,Sensa Core,Traditional Diagnostics,PE,72000000.0,Telangana,
Karan Wahi,,,,,Knack,Food & Beverage,Angel,,Delhi,
Vins Bio Products,,,,,PlasmaGen BioSciences,Pharmaceuticals,Series D,16700000.0,Karnataka,
TDK Ventures,,,,,EtherealX,Space Tech,Series A,21000000.0,Karnataka,
MeitY,,,,,Sophrosyne Technologies,Semiconductors,Grant,1200000.0,Karnataka,
Ideaspring Capital,,,,,LatentForce.ai,Agentic AI,Seed,1700000.0,Karnataka,
BITKRAFT Ventures,,,,,StockGro,FinTech – Investment Tech,Series B,13000000.0,Karnataka,
VCAPL,,,,,Entuple E-Mobility,Energy Storage Tech,Seed,1440000.0,Karnataka,
Sauce,,,,,Loopie,Mom & Baby Care,Debt,,Haryana,
Mynavi,,,,,Virohan,EdTech – Healthcare,Series B,7500000.0,Haryana,
Ramesh Bhutada,,,,,Oben Electric,Electric Vehicles,Series A,9400000.0,Karnataka,
Singularity AMC,,,,,Qucev,Electric Vehicles,Series B,15000000.0,Telangana,
Capria,,,,,Magma,Manufacturing Tech,Series A,3000000.0,Gujarat,
Aavishkaar Capital,,,,,WorkIndia,HRTech,Series B,10800000.0,Karnataka,
L Catterton,,,,,Haldirams,Food & Beverage,PE,,Maharashtra,
Unilazer Ventures,,,,,CuePilot,K-12 EdTech,Seed,1800000.0,West Bengal,
Somerset Capital,,,,,NU Hospitals,Hospital Chains,Series A,,Karnataka,
Vertex Holdings,nk@108.vc,IN/AIF2/23-24/1349,Category II,Mumbai,ace turtle,Retail Tech,Series B,5000000.0,Karnataka,
SageOne,,,,,Tagbin,AR/VR Services,Series A,10000000.0,Haryana,
Chigurupati Krishna Prasad,,,,,DecodeAge,Nutraceuticals,Seed,1700000.0,Karnataka,
True North,bhavit@2point2capital.com,IN/AIF3/19-20/0686,Category III,Mumbai,Samtel Avionics,Aerospace Tech,Debt,8300000.000000001,Delhi,
FIT,,,,,CCraft,Photonic Chips,Debt,126000.0,Tamil Nadu,
Theia Ventures,,,,,Novyte Materials,Materials Tech,Seed,459000.0,Maharashtra,
Bennett Coleman,,,,,Zaggle,HRTech,Post-IPO,1650000.0,Telangana,
Mirto,,,,,Elmentoz,Insect Protein,Seed,4500000.0,Odisha,
Sooraj Singh,,,,,Swizzle,Sparkling Beverages,Seed,221000.0,Karnataka,
Tether,,,,,Speed,Crypto Payments,Series A,8000000.0,Nevada / Gujarat,
SBI Investment,,,,,Digantara,Space Tech,Series B,50000000.0,Karnataka,
Bengal Finance & Investment,,,,,Ganeshconsumer,Food Processing,Post-IPO,,—,
Invicta Capserv,,,,,Shaurrya Teleservices,Telecom > Telecom Infrastructure,Seed,,Maharashtra,
360 One,,IN/AIF1/17-18/0321,Category I,,SISIR Radar,"Aerospace, Maritime & Defence Tech > Space Tech",Series A,7000000.0,West Bengal,
Kiara Luxe Holdings,,,,,Jiwya,Consumer Goods > Apparel Brands,Seed,350000.0,Maharashtra,
Nippon,,,,,Swiggy,Food & Agriculture Tech > Food Tech,Post-IPO,1200000000.0,Karnataka,
Gujarat Venture Finance,,,,,Soleos Solar Energy,Energy > Solar Energy,Series A,12000000.0,Gujarat,
Merak Ventures,,,,,NeoSapien,Consumer > Fashion Tech,Seed,2000000.0,Karnataka,
SIG Venture Capital,,,,,Skydo,FinTech > Digital Remittance,Series A,10000000.0,Karnataka,
Trifecta Capital,,,,,Dr Paws,Healthcare > Clinic Chains,Venture Debt,946000.0,Karnataka,
SBI Ventures,,,,,Smart Joules,High Tech > IoT Applications,Series B,10000000.0,Delhi,
Blume Venture,,,,,Uolo,EdTech > K-12 EdTech,Series A,7000000.0,Haryana,
12 Flags Group,,,,,KNOT,Consumer > Fashion Tech,Series A,5000000.0,Karnataka,
FMO,,,,,BlackSoil,FinTech > Alternative Lending,Series C,7200000.0,"Maharashtra, Gujarat",
IFC,,,,,Fibe,FinTech > Alternative Lending,Series F,35000000.0,Maharashtra,
Tata ClassEdge,,,,,ENpower,EdTech > K-12 EdTech,Seed,,Maharashtra,
Gorilla,,,,,Astrikos,Enterprise Applications – Big Data Analytics,Seed,,Karnataka,
Everhope,,,,,SSO Hospital,Healthcare – Hospital Chains,Seed,2800000.0,Maharashtra,
AFL,,,,,Newron,EdTech – K-12,Seed,4440000.0,Delhi,
Zoho,,,,,Ultraviolette,Electric Vehicles,Series E,45000000.0,Karnataka,
Varde Partners,,,,,InMobi,Mobile Advertising,Debt,350000000.0,Karnataka,
Pratithi Investments,,,,,Planys Technologies,Water & Wastewater Management Tech,Series B,11100000.0,Tamil Nadu,
British International Investment,,,,,Apraava,Solar Energy,Debt,92000000.0,Maharashtra,
Brinc,,,,,Pathpulse,Management Consulting Services,Seed,900000.0,Maharashtra,
Sheela Group,,,,,Furlenco,Home Improvements,Series D,15000000.0,Karnataka,
Mukul Agrawal,,,,,StockGro,Investment Tech,Series B,16700000.0,Karnataka,
Patni Wealth Advisors,,,,,GetReplies,MarketingTech,Seed,1000000.0,Karnataka,
WestBridge Capital LLP,,,,,Finfactor,Investment Tech,Series A,15000000.0,Maharashtra,
Jongsong Investments,,,,,Atomberg,Smart Homes,Series C,24000000.0,Maharashtra,
Pidilite Ventures,,,,,Magicdecor,Home Improvements,Seed,571000.0,Maharashtra,
Noblevast Advisory,,,,,Pandorum,Regenerative Medicine,Series B,10000000.0,Karnataka,
RevX Capital,,,,,Money View,Alternative Lending,Debt,11400000.0,Karnataka,
Advencap,,,,,CloudExtel,Telecom Infrastructure,Debt,22400000.0,Maharashtra,
Neo,,,,,Auxilo,Higher Education Tech,Debt,25500000.0,Maharashtra,
Equanimity Investments,,,,,Neuron Energy,Energy Storage Tech,Series A,3500000.0,Maharashtra,
Incubate Fund India,,,,,Yuvrit,Healthcare – Ayurveda Clinics,Seed,800000.0,Karnataka,
Version One Ventures,,IN/AIF1/17-18/0321,Category I,,Arctus Aerospace,Aircraft Manufacturers,Seed,2600000.0,Karnataka,
Smilegate,,,,,Square Yards,Residential Real Estate Tech,Series B,35000000.0,Haryana,
Ekamya,,,,,Primebook,Computers & Accessories,Seed,,Delhi,
Zeropearl,,,,,ONYA,Fashion Tech,Seed,617000.0,Karnataka,
South Park Commons,,,,,Riverline,Banking Tech,Seed,825000.0,Karnataka,
ABIF IIT Kharagpur,,,,,AgriVijay,Crop Tech,Seed,168000.0,Maharashtra,
Venturi Partners,,,,,Nutraj,Food & Beverage Products,Series C,30900000.0,Uttar Pradesh,
Atha Group,,,,,Neo,Asset Management,Series B,25000000.0,Maharashtra,
Hemant Luthra,,,,,Definedge Securities,Investment Tech,Angel,,Maharashtra,
KKR,,,,,Lighthouse Learning,Early Education,PE,,Maharashtra,
GrowthCap Ventures,,,,,Navanc,RegTech,Seed,672000.0,Karnataka,
Startup Reseau,,,,,LabelBlind,Food Tech,Seed,500000.0,Maharashtra,
Spring,,,,,FAE Beauty,Retail > Beauty Tech,Series A,2000000.0,Maharashtra,
Pontaq,,,,,Dweepi,Travel & Hospitality Tech > Rail IT,Seed,,Delhi,
Maruti Suzuki Innovation,,,,,Ravity,Connected Vehicles,Seed,226000.0,Karnataka,
IvyCap Ventures Advisors,,,,,Agraga,Logistics Tech,Series A,12000000.0,Tamil Nadu,
Korea Investment Holdings,nk@108.vc,IN/AIF2/23-24/1349,Category II,Mumbai,Redrob,HRTech,Series A,10000000.0,Uttar Pradesh,
Bluehill VC,,,,,Sophrosyne Technologies,Semiconductors,Seed,2000000.0,Karnataka,
DBS,,,,,BigBasket,Online Grocery,Debt,22700000.0,Karnataka,
Valorshield,,,,,Bluecopa,Big Data Analytics,Series A,7350000.0,Telangana,
Sony Innovation Fund,,,,,STAN,Social Gaming,Series A,2000000.0,Singapore / Karnataka,
La Vida es Chula,,,,,Pidge,Logistics Tech,Series A,13500000.0,Haryana,
Astanor,,,,,TractorJunction,Auto E-Commerce,Debt,5500000.0,Rajasthan,
Equentis Wealth Advisory,,,,,Stylework,Commercial Real Estate Tech,Series A,3390000.0,Haryana,
Shastra,,,,,Axirium Aerospace,Aerospace Tech,Seed,3500000.0,Telangana,
EvolutionX,,,,,Yubi,Alternative Lending,Debt,37900000.0,Tamil Nadu,
VentureSoul,,,,,SpeedLabs,EdTech,Seed,,Maharashtra,
Hillhouse,,,,,Isprava,Real Estate Developers,Series B,,Maharashtra,
Micro Labs,,,,,Star Air,Passenger Airlines,Series B,16900000.0,Karnataka,
N,,,,,Isprava,Real Estate Developers,Debt,28400000.0,Maharashtra,
A,,,,,Isprava,Real Estate Developers,Debt,28400000.0,Maharashtra,
Abakkus Asset Manager,,,,,Match Graphics,Home Furnishing Products,Unattributed,,Delhi,
Roha Family Office,,,,,Brandworks Technologies,Manufacturing Services,Series A,4000000.0,Maharashtra,
Mirova,,,,,Varaha,Carbon Removal & Agri SaaS,Series B,30000000.0,Haryana,
Virendra Prasad,,,,,Event Planet,Event Services,Angel,250000.0,Uttar Pradesh,
Indian Angel Network,,,,,Trishul Space,Space Tech,Seed,451000.0,Delhi,
Niveshaay,,,,,Waaree,Energy Storage,Series C,36700000.0,Maharashtra,
ah! Ventures,,,,,Ochre Spirits,Restaurants,Seed,,Goa,
Owl Ventures,,,,,TETR,Educational Support,Series B,18000000.0,Haryana,
Insight Partners,,,,,Attentive,Construction Tech,Series B,30500000.0,Delhi,
Wabag,,,,,Nimble Vision,Smart Cities,Seed,,Karnataka,
MGF Kavachh,,,,,Coratia,Water & Wastewater Tech,Seed,563000.0,Odisha,
Arnya,,,,,MAIA Estates,Real Estate Developers,Series B,13500000.0,Karnataka,
UTI AMC,,,,,Ecozen Solutions,Food and Agriculture Tech > Crop Tech,Debt,12500000.0,Maharashtra,
PedalStart,,,,,InsightAI,FinTech > Finance & Accounting Tech,Seed,124000.0,Delhi,
Alps Financial Consultants,,,,,The Policy Exchange,FinTech > Internet First Insurance Platforms,Series B,1500000.0,Uttar Pradesh,
PeerCapital,,,,,Game State Labs,Gaming > Gaming Tech,Seed,2000000.0,Karnataka,
Ambarish Kenghe,,,,,Wyzard,High Tech > Chatbots,Angel,500000.0,Haryana,
Enrission India Capital,,,,,Stackbox,Retail > E-Commerce Enablers,Series A,4000000.0,Karnataka,
Goldman Sachs,,,,,MoEngage,Enterprise Applications > Customer Success Management,Series F,60000000.0,California / Karnataka,
Hivemind,,,,,Zynk,FinTech > Digital Remittance,Seed,5000000.0,California / Telangana,
iDEX,,,,,Tsalla Aerospace Technologies,High Tech > Drones,Grant,,Karnataka,
Green Climate Fund,,,,,Kshema,FinTech > Insurance Platforms,Series A,20000000.0,Telangana,
Sky7Ventures,,,,,Customer Capital,Business Services > Loyalty Services,Seed,,-,
Rajeev Kakkan Attu Rajappan,,,,,Creddinv,FinTech > Investment Tech,Angel,56500.0,Karnataka,
Inviga Healthcare Fund,,,,,Forus Health,Life Sciences > Ophthalmology,Series B,,Karnataka,
DST,,,,,Mentorgain,Enterprise Apps > HRTech,Grant,,Maharashtra,
General Atlantic,,,,,Snapmint,Retail > Horizontal E-Commerce,Series B,115000000.0,Maharashtra,
Vitruvian Partners,,,,,HFS,Financial Services > Consumer & SME Loans,PE,92000000.0,Maharashtra,
Mirae Asset Venture Investments,ashutosh.naik@iiflw.com,IN/AIF3/16-17/0286,Category III,Mumbai,Jupiter,FinTech > Banking Tech,Series C,15000000.0,Maharashtra,
Affirma Capital,,,,,RMSI,High Tech > Geographic Information Systems,PE,56000000.0,Uttar Pradesh,
SageOne Investment Advisors,,,,,LKP Finance,Financial Services > Consumer & SME Loans,Post-IPO,14200000.0,Maharashtra,
Chimera,,,,,Exiles,Gaming > PC & Console Gaming,Seed,355000.0,Karnataka,
Momentum Capital,,,,,Beyond Renewables,Environment Tech > Solid Waste Management,Seed,566000.0,Delhi,
Axis Bank,,,,,Optimo Capital (Debt),FinTech > Alternative Lending,Debt,12500000.0,Karnataka,
Capitar Ventures,,,,,BioPrime,Food and Agriculture Tech > Crop Tech,Series A,1240000.0,Maharashtra,
Subhkam Ventures,,,,,Neulife,HealthTech > Fitness & Wellness Tech,Unattributed,1000000.0,Maharashtra,
Indian Overseas Bank,,,,,Dhobi G,Consumer > Local Services,Debt,171000.0,Tamil Nadu,
Bluehill Capital Trust,,,,,Helex,Life Sciences > Genomics,Seed,,Telangana,
Centre Court Capital,,,,,Michezo Sports,Consumer > Sports Services,Seed,2500000.0,Karnataka,
Asha,,,,,Wonderland Foods,Food & Agriculture > Food & Beverage Products,Series B,16000000.0,Delhi,
Nicolas Walewski,,,,,CapitalXB Finance,Financial Services > Consumer and SME Loans,Debt,,Maharashtra,
Abler Nordic,,,,,Berar Finance,Financial Services > Consumer and SME Loans,PE,17000000.0,Maharashtra,
New Enterprise Associates,,,,,Uniphore,High Tech > Generative AI,Series F,260000000.0,California / Tamil Nadu,
thefef.net,,,,,Stylox,Consumer Goods > Apparel Brands,Seed,340000.0,Haryana,
The Players Fund,,,,,Fundamento,Enterprise Applications > Customer Service Software,Seed,1900000.0,California / Delhi,
NIIF,,,,,EKA,Energy Tech > Electric Vehicles,Series A,57000000.0,Maharashtra,
Negen Capital PMS,,,,,HooLiv,Consumer > Residential Real Estate Tech,Seed,2730000.0,Delhi,
AID,,,,,Kraya,Enterprise Applications > SCM Software,Seed,113000.0,Maharashtra,
Granite Asia,,,,,Kuku FM,Consumer > Vernacular Platforms,Series C,50000000.0,Maharashtra,
Post Road Group,,,,,CoreStack,Enterprise Infrastructure > IT Operations,Convertible Debt,50000000.0,Washington / Tamil Nadu,
Coinbase,,,,,CoinDCX,FinTech > Cryptocurrencies,Series D,,Maharashtra,
TAC,,,,,Airoclip,Mobile > Mobile Gaming,Seed,2750000.0,Karnataka,
Humba Ventures,,,,,Airbound,High Tech > Drones,Seed,8650000.0,Karnataka,
Authum,,,,,Onida,Consumer Goods > TV & Audiovisual Products,Post-IPO,14800000.0,Maharashtra,
Lighthouse,,,,,Hunger,Food & Agriculture > Food Service Chains,Series A,,Maharashtra,
Magnifiq Capital Trust,,,,,Hala Mobility,Consumer > Auto E-Commerce & Content,Series A,3380000.0,Telangana,
MassMutual Ventures,,,,,Qapita,FinTech > Investment Tech,Series B,26500000.0,Singapore / Telangana,
Matrimony.com,,,,,Ask My Guru,Consumer > Religion Tech,Seed,500000.0,Karnataka,
Multiply Ventures,,,,,Eternz,Consumer > Fashion Tech,Seed,,Karnataka,
GrowMo360,,,,,GH2 Solar,Energy > Solar Energy,Series A,6500000.0,Uttar Pradesh,
ajvc,,,,,Jaagruk Bharat,Media & Entertainment > Internet First Media,Seed,169000.0,Delhi,
Ramesh Gandhi,,,,,Rusk Media,Media & Entertainment > Film & TV Studios,Angel,169000.0,Maharashtra,
Finvolve,,,,,TrusTerra,Auto > Auto Retail & Aftersales,Seed,1010000.0,Haryana,
Equirus Wealth,ronak@11hadvisors.com,IN/AIF3/23-24/1391,Category III,Ahmedabad,Consuma,Enterprise Applications > MarketingTech,Seed,1300000.0,Karnataka,
Jindagilive Angel Network,,,,,ZillOut,Food and Agriculture Tech > Food Tech,Seed,310000.0,Karnataka,
DSP Group Family Office,,,,,Finarkein Analytics,FinTech > Banking Tech,Seed,,Maharashtra,
Lloyds steel,,,,,PRYM Aerospace,High Tech > Drones,Seed,2410000.0,Maharashtra,
Abyro Capital,,,,,Navata Supply Chain Solutions,Business Services > Supply Chain Services,Series A,1520000.0,Telangana,
AIC-Nalanda Institute Of Technology Foundation,,,,,Exsure,Life Sciences > Oncology,Seed,11300.0,Odisha,
Tejas Paresh Lodaya,,,,,DecorTwist,Consumer Goods > Home Furnishing Products,Seed,200000.0,Uttar Pradesh,
Oneup Financial Consultants,,,,,JSW One MSME,Enterprise Applications > Manufacturing Tech,Series B,26500000.0,Maharashtra,
Jamwant Ventures,,,,,ThrustWorks Dynetics,"Aerospace, Maritime & Defense Tech > Space Tech",Seed,789000.0,Maharashtra,
Plutus Wealth Management,,,,,Art Of Time,Consumer Goods > Retailers,Series B,,Maharashtra,
IHC,,,,,Sammaan Capital,Financial Services > Consumer and SME Loans,Post-IPO,1000000000.0,Delhi,
Marshall Wace,,,,,Sammaan Capital,Financial Services > Consumer and SME Loans,Post-IPO,1000000000.0,Delhi,
Tata Motors,,,,,Freight Tiger,Consumer > Logistics Tech,Series C,13500000.0,Maharashtra,
Lightspeed India,,,,,Freight Tiger,Consumer > Logistics Tech,Series C,13500000.0,Maharashtra,
CapitalOven,,,,,Recyclaro.com,Environment Tech > Solid Waste Management Tech,Seed,1000000.0,Uttar Pradesh,
Blue Earth Capital,,,,,GrowXCD,Financial Services > Consumer and SME Loans,Series B,22500000.0,Tamil Nadu,
Foxhog Ventures,,,,,Assesslim,High Tech > AI Infrastructure,Seed,5000000.0,West Bengal,
IDEAS TIH,,,,,Assesslim,High Tech > AI Infrastructure,Seed,5000000.0,West Bengal,
Wavemaker Partners,,,,,VAMAm,Consumer > Local Services,Seed,2500000.0,Delhi,
7Square Ventures,,,,,VAMAm,Consumer > Local Services,Seed,2500000.0,Delhi,
Arkam Ventures,,,,,Fyno,Enterprise Applications > Customer Success Management,Seed,4000000.0,Karnataka,
InCred,,,,,Recur Club,FinTech > Alternative Lending,Debt,42000000.0,Delhi,
Sanjay Katkar,,,,,Wit And Chai Group,Business Services > Marketing Services,Seed,,Maharashtra,
Dharana,,,,,Petpoojam,Food and Agriculture Tech > Food Tech,Series C,,Gujarat,
Vertex Growth,Info@1000x.co.in,IN/AIF2/25-26/1983,Category II,Kolkata,Kapivas,Life Sciences > Nutraceuticals Tech,Series D,28000000.0,Karnataka,
Jetty Ventures,,,,,Kapivas,Life Sciences > Nutraceuticals Tech,Series D,28000000.0,Karnataka,
Toyoda Gosei,,,,,EF Polymer,Chemicals and Materials > Polymers,Series B,,Rajasthan,
Beyond Next Ventures,,,,,EF Polymer,Chemicals and Materials > Polymers,Series B,,Rajasthan,
Vikasa India EIF Fund,,,,,RUGR,FinTech > Banking Tech,Seed,5000000.0,Karnataka,
Lightspeed Ventures,,,,,Emergent,AI,Series A,23000000.0,Gurugram,
Iron Pillar,,,,,Chakr Innovation,Clean Tech,Series C,23000000.0,Gurugram,
3State Ventures,,,,,Curefoods,Foodtech,–,18000000.0,Bengaluru,
Salesforce Ventures,,,,,Rocket,AI,Seed,15000000.0,Bengaluru,
Dr Arokiaswamy Velumani (founder,,,,,Simple Energy,Clean Tech,–,10000000.0,Bengaluru,
Thyrocare),,,,,Simple Energy,Clean Tech,–,10000000.0,Bengaluru,
Bajaj Finserv Group,,,,,KisanKonnect,AgriTech,Pre-Series A,8100000.0,Ahmednagar,
Analah Capital,,,,,PRISM,Travel Tech,–,5600000.0,Mumbai,
Peak XV (Surge),,,,,OnFinance,AI,Pre-Series A,4200000.0,Bengaluru,
AVCF,,,,,Cosmoserve Space,Advanced Hardware & Technology,Pre-Seed,3200000.0,Hyderabad,
Bipin Patel Family Office,,,,,Xbattery,Clean Tech,Seed,2300000.0,Hyderabad,
Equentis,,,,,Grest,Ecommerce,–,1800000.0,Cuttack,
Sahyadri Farms,,,,,Bharat Intelligence,AgriTech,Pre-Seed,790000.0,Mumbai,
AJVC,,,,,Gaadimech,Consumer Services,–,169000.0,Jaipur,
Baird Capital,,,,,EvoluteIQ,Enterprise Tech,–,53000000.0,Bengaluru,
Omnitex Industries,,,,,Blue Energy Motors,Clean Tech,-,30000000.0,Pune,
Bajaj Financial Securities,,,,,EcoSoul,Ecommerce,Series B,20000000.0,Noida,
Globaz Technologies,info@paulasset.com,IN/AIF3/24-25/1602,Category III,Kolkata,SpaceFields,Advanced Hardware & Technology,Pre-Series A,5000000.0,Bengaluru,
UNLEASH Capital Partners,,,,,Pelocal,FinTech,Series A,5000000.0,Chennai,
Foliflex Cables,,,,,Blinkit-AI,AI,Seed,1200000.0,Gurugram,
Zeropearl VC,,,,,Supply6,Ecommerce,Seed,1100000.0,Bengaluru,
Blue Ocean Venture Partners,,,,,UGX.ai,AI,Seed,1000000.0,Gurugram,
Eximius Ventures,,,,,MyNaksh,Consumer Services,Pre-Seed,852000.0,Bengaluru,
Technology Development Board (Ministry of Science & Technology),,,,,Raptee.HV,Clean Tech,-,,Chennai,
MGA Ventures,,,,,Presolv360,Enterprise Services,Series A,4700000.0,Mumbai,
Cactus Partners,,,,,Indigrid Technology,Enterprise Services,—,4000000.0,Gurugram,
RPSG Capital,,,,,Asaya,Ecommerce,Pre-Series A,3200000.0,Bengaluru,
Caret Capital,,,,,PeakAmp,Clean Tech,Seed,1400000.0,Gurugram,
Samved Ventures,,,,,FarmDidi,Ecommerce,Seed,793000.0,Mumbai,
Calance Software; Amit Govil (chairman,,,,,Prowrrap,Enterprise Services,Pre-Series A,453000.0,Delhi,
Calance Corporation),,,,,Prowrrap,Enterprise Services,Pre-Series A,453000.0,Delhi,
Nu Ventures,,,,,Misfits,Ecommerce,Seed,,Gurugram,
Alok Oberoi (chairman,,,,,TraqCheck,AI,—,,New Delhi,
Everstone Capital); Siddharth Mehta (founder,,,,,TraqCheck,AI,—,,New Delhi,
Bay Capital),,,,,TraqCheck,AI,—,,New Delhi,
Bain Capital,,,,,Colive,Real Estate Tech,Series B,20000000.0,Bengaluru,
Archean Chemicals Industries,,,,,Offgrid Energy,Clean Tech,Series A,15000000.0,Gurugram,
Enetra India,,,,,LeafyBus,Travel Tech,Pre-Series A,4099999.9999999995,Delhi,
M Venture Partners,,,,,House of Zelena,Ecommerce,Seed,793000.0,New Delhi,
Ramesh Kannan (MD,,,,,Cuzor,Ecommerce,Seed,566000.0,Bengaluru,
Kaynes Technology),,,,,Cuzor,Ecommerce,Seed,566000.0,Bengaluru,
Trillion Dollar Venture Partners,,,,,QuantE Energy,Clean Tech,Seed,500000.0,Noida,
BioAngels (IAN Group),,,,,Dectrocel,HealthTech,–,453000.0,Lucknow,
Vertex Ventures Southeast Asia & India,,,,,Palmonas,Ecommerce,Series A,6200000.0,Pune,
Sorin Investments,,,,,Enmovil,Logistics,Series A,6000000.0,Hyderabad,
Tanglin Ventures,,,,,Matiks,Media & Entertainment,Pre-Series A,3100000.0,Haveri,
–,,,,,Anmasa,Ecommerce,Pre-Seed,1100000.0,Gurugram,
VCMint,,,,,Vaave,Enteprise Tech,–,748000.0,Hyderabad,
Filter Capital,,,,,R For Rabbit,Ecommerce,Series B,27000000.0,Ahmedabad,
growX ventures,,,,,PeelON,Enterprise Services,Seed,1000000.0,Vishakhapatnam,
I'n Angel Fund,ashutosh.naik@iiflw.com,IN/AIF3/16-17/0286,Category III,Mumbai,Famyo,Ecommerce,Seed,457000.0,Bengaluru,
Motilal Oswal Financial Services Ltd,,,,,Zepto,Consumer Services,—,45700000.0,Bengaluru,
Ontario Teachers’ Pension Plan,,,,,Darwinbox,Enterprise Tech,—,40000000.0,Hyderabad,
Glade Brook Capital,,,,,Pronto,Consumer Services,Series A,11000000.0,Gurugram,
Tin Men Capital,,,,,Graas.ai,Artificial Intelligence (AI),Series B,9000000.0,Singapore,
Eniac Ventures,,,,,Refold AI,Artificial Intelligence (AI),Seed,6500000.0,Bengaluru,
Tidal Ventures,,,,,Refold AI,Artificial Intelligence (AI),Seed,6500000.0,Bengaluru,
Incubate Fund Asia,,,,,Fairdeal.Market,Ecommerce,Pre-Series A,3000000.0,Gurugram,
Playbook Partners,,,,,RENEE Cosmetics,Ecommerce,Series C,30000000.0,Ahmedabad,
Franklin Templeton Alternative Investments Fund,,,,,Fibe,FinTech,Debt,25000000.0,Pune,
Skycatcher,,,,,SuperGaming,Media & Entertainment,Series A,15000000.0,Pune,
Steadview Capital,,,,,SuperGaming,Media & Entertainment,Series A,15000000.0,Pune,
Unleash Capital Partners,,,,,Zype,FinTech,—,10300000.0,Mumbai,
Livspace,,,,,TPlusA India,Ecommerce,Seed,5800000.0,Bangalore,
Valour Capital,,,,,HYLENR,Clean Tech,Pre-Series A,3000000.0,Hyderabad,
Chhattisgarh Investments,,,,,HYLENR,Clean Tech,Pre-Series A,3000000.0,Hyderabad,
MapmyIndia,,,,,Zepto,Consumer Services,—,2900000.0,Bangalore,
Xeed Ventures,,,,,CodeKarma,Artificial intelligence (AI),Pre-Seed,2500000.0,Bangalore,
Piper Serica,,,,,Xovian Aerospace,Advanced Hardware & Technology,Pre-Seed,2500000.0,Bangalore,
Eternal Capital,,,,,Gladful,Ecommerce,—,913000.0,Jaipur,
Inuka Capital,,,,,Terafac,Advanced Hardware & Technology,Pre-Seed,800000.0,Chandigarh,
Ranbir Kapoor,,,,,Prozo,Logistics,—,,Gurugram,
Avataar Venture Partners,,,,,Safe Security,Enterprise Tech,Series C,70000000.0,New Delhi,
Equentis Angel Fund,ashutosh.naik@iiflw.com,IN/AIF3/16-17/0286,Category III,Mumbai,Sharpsell.ai,Enterprise Tech,Series A,3400000.0,Mumbai,
Pravek Family Office,,,,,Snooplay,Ecommerce,Pre-Series A,916000.0,New Delhi,
Elcid Investments,,,,,Zepto,Consumer Services,–,857000.0,Bengaluru,
Aroa Venture Partners,,,,,Passport Trips,Travel Tech,Pre-Seed,500000.0,Mumbai,
3STATE Ventures,,,,,SuperK,Consumer Services,Series B,11500000.0,Bengaluru,
Cercano Management,,,,,EduFund,FinTech,Series A,6000000.0,Ahmedabad,
Sky Impact Capital,,,,,Hudle,Enterprise Tech,Series A,2500000.0,Delhi,
Utsav Somani,,,,,Grexa AI,Artificial Intelligence (AI),Seed,1800000.0,Thane,
Ovington Capital Partners,,,,,Plenome Technologies,Enterprise Tech,Seed,752000.0,Chennai,
Curefit,,,,,ApClub,Consumer Services,Pre-Seed,231000.0,Bengaluru,
GVFL Limited,,,,,Magma,Enterprise Services,–,,Ahmedabad,
Pagariya Exports Pvt Ltd,,,,,Roast Foods,Ecommerce,–,,Pune,
National Quantum Mission,,,,,QpiAI,Advanced Hardware & Technology,Series A,32000000.0,Bengaluru,
First Luxembourg SCA,,,,,CureFit,HealthTech,–,2000000.0,Bengaluru,
Rahul Dewan,,,,,Zuppa,Advanced Hardware & Technology,–,1500000.0,Chennai,
LVX,,,,,The Wedding Company,Consumer Services,Pre-Seed,1000000.0,Bengaluru,
O2 Angels,,,,,Unibose,Advanced Hardware & Technology,Pre-Series A,639000.0,Chennai,
TDV Partners,,,,,Zulu Club,Consumer Services,Pre-Seed,250000.0,Gurugram,
Malika Sadani,,,,,CosMoss,Ecommerce,Seed,,Gurugram,
Hyperscope,,,,,Onetab.ai,Artificial intelligence (AI),–,,Bengaluru,
Elrise,,,,,Onetab.ai,Artificial intelligence (AI),–,,Bengaluru,
Partners Group,,,,,Infinity Fincorp,FinTech,-,70000000.0,Mumbai,
Narotam Sekhsaria Family Office,,,,,Khetika,Ecommerce,Series B,18000000.0,Bengaluru,
Pravega Ventures,,,,,InPrime Finserv,FinTech,Series A,6000000.0,Bengaluru,
Spring Marketing Capital,,,,,Cookd,Ecommerce,Pre-Series A,2000000.0,Chennai,
Mistry Ventures,,,,,AMAMA,Ecommerce,-,1000000.0,New Delhi,
Indigo Ventures,,,,,Jeh Aerospace,Advanced Hardware & Technology,-,,Hyderabad,
Basil Moftah,,,,,LdotR,Enterprise Services,-,,New Delhi,
Mark Garlinghouse,,,,,LdotR,Enterprise Services,-,,New Delhi,
Chennai Angels,,,,,Qoruz,Media & Entertainment,Pre-Series A,,Bengaluru,
SC Ventures,,,,,Jumbotail,Ecommerce,Series D,120000000.0,Bengaluru,
Artal Asia,,,,,Jumbotail,Ecommerce,Series D,120000000.0,Bengaluru,
Mars Growth Capital,Info@1000x.co.in,IN/AIF2/25-26/1983,Category II,Kolkata,Infra.Market,Real Estate Tech,Debt,50000000.0,Thane,
Morgan Stanley,,,,,InCred Finance,FinTech,Debt,46800000.0,Mumbai,
Nippon Life India,,,,,InCred Finance,FinTech,Debt,46800000.0,Mumbai,
Gaja Capital,,,,,Eggoz,Ecommerce,Series C,20000000.0,Gurugram,
Rebright Partners,,,,,Eggoz,Ecommerce,Series C,20000000.0,Gurugram,
NABVENTURES,,,,,Eggoz,Ecommerce,Series C,20000000.0,Gurugram,
Merisis Opportunities Fund,,IN/AIF1/17-18/0321,Category I,,Eggoz,Ecommerce,Series C,20000000.0,Gurugram,
Arvind Thakur,,,,,Eggoz,Ecommerce,Series C,20000000.0,Gurugram,
S Ramadorai,,,,,Eggoz,Ecommerce,Series C,20000000.0,Gurugram,
Artek Chemicals,,,,,Eggoz,Ecommerce,Series C,20000000.0,Gurugram,
Blue Dot Capital,,,,,Eggoz,Ecommerce,Series C,20000000.0,Gurugram,
Ashok Goel,,,,,Bambrew,Enterprise Services,Series B,10500000.0,Bengaluru,
No Label Ventures,,,,,Zango AI,Artificial Intelligence (AI),Seed,4800000.0,Indore,
Start Ventures,,,,,Zango AI,Artificial Intelligence (AI),Seed,4800000.0,Indore,
Ameera Shah,,,,,Luma Fertility,HealthTech,Seed,4000000.0,Mumbai,
Vijay Taparia,,,,,Luma Fertility,HealthTech,Seed,4000000.0,Mumbai,
WaterBridge Ventures,,,,,Loopworm,HealthTech,Pre-Series A,3300000.0,Bengaluru,
Vinayender Tulla,,,,,Lamark Biotech,HealthTech,Pre-Series A,767000.0,Bengaluru,
Nita Roy,,,,,Lamark Biotech,HealthTech,Pre-Series A,767000.0,Bengaluru,
Venkataraman KNK,,,,,Lamark Biotech,HealthTech,Pre-Series A,767000.0,Bengaluru,
Raghav Singhal,,,,,FitFeast,Ecommerce,Seed,644000.0,New Delhi,
Santosh Govindaraju,,,,,FitFeast,Ecommerce,Seed,644000.0,New Delhi,
Abhishek Chopra,,,,,FitFeast,Ecommerce,Seed,644000.0,New Delhi,
Aabhas Khanna,,,,,FitFeast,Ecommerce,Seed,644000.0,New Delhi,
Wolfpack Labs,,,,,FES Cafe,Foodtech,Seed,351000.0,Gurugram,
Lenskart,,,,,AjnaLens,Advanced Hardware & Technology,-,,Thane,
Amal Parikh,,,,,Raphe mPhibr,Advanced Hardware & Technology,-,100000000.0,Noida,
Edelweiss Discovery Fund,,,,,GIVA,Ecommerce,-,62000000.0,Bengaluru,
Enam Holdings,nk@108.vc,IN/AIF2/23-24/1349,Category II,Mumbai,EKA Mobility,Cleantech,-,23000000.0,Pune,
Asiana Fund,,,,,Flipspaces,Real Estate Tech,-,5900000.0,Mumbai,
JSW Ventures,,,,,StayVista,Travel Tech,Series B,5000000.0,Mumbai,
Capital A,,,,,Rabitat,Ecommerce,Series A,4600000.0,New Delhi,
Accurize Syndicate,,,,,Rabitat,Ecommerce,Series A,4600000.0,New Delhi,
Flair Writing Family Office,,,,,Rabitat,Ecommerce,Series A,4600000.0,New Delhi,
Eagle Venture Fund,,,,,Rabitat,Ecommerce,Series A,4600000.0,New Delhi,
AG Ventures,,,,,Rabitat,Ecommerce,Series A,4600000.0,New Delhi,
Vedang Patel,,,,,Rabitat,Ecommerce,Series A,4600000.0,New Delhi,
Harsh Lal,,,,,Rabitat,Ecommerce,Series A,4600000.0,New Delhi,
Rohin Samtaney,,,,,Rabitat,Ecommerce,Series A,4600000.0,New Delhi,
Sourabh Jain,,,,,Rabitat,Ecommerce,Series A,4600000.0,New Delhi,
Ankit Nagori,,,,,Rabitat,Ecommerce,Series A,4600000.0,New Delhi,
MGF-Kavachh,,,,,Coratia Technologies,Advanced Hardware & Technology,Pre-Series A,2000000.0,Rourkela,
All in Capital,,,,,Fantail,Enterprise Services,Seed Round,1600000.0,Surat,
growX Ventures,,,,,Armory,Advanced Hardware & Technology,-,1500000.0,Gurugram,
Industrial 47,,,,,Armory,Advanced Hardware & Technology,-,1500000.0,Gurugram,
Dexter Ventures,,,,,Armory,Advanced Hardware & Technology,-,1500000.0,Gurugram,
Alkemi Ventures,,,,,Jobizo,Enterprise Tech,Pre-Series A,1400000.0,Gurugram,
GSF Accelerator,,,,,AuraML,Artificial Intelligence (AI),Pre-Seed,1000000.0,Bengaluru,
Bennett,,,,,Truliv,Real Estate Tech,-,,Chennai,
Coleman & Co,,,,,Truliv,Real Estate Tech,-,,Chennai,
Promaft Partners,,,,,WIOM,Consumer Services/ Enterprise Services,-,35000000.0,New Delhi,
RTP global,,,,,WIOM,Consumer Services/ Enterprise Services,-,35000000.0,New Delhi,
Razorpay,,,,,POP,FinTech,-,30000000.0,Bengaluru,
Helios Holdings,nk@108.vc,IN/AIF2/23-24/1349,Category II,Mumbai,Oben Electric,Cleantech,Series A,11500000.0,Bengaluru,
Sharda family office,,,,,Oben Electric,Cleantech,Series A,11500000.0,Bengaluru,
Kay family,,,,,Oben Electric,Cleantech,Series A,11500000.0,Bengaluru,
Saison Capital,,,,,Techfino,FinTech,-,7500000.0,Bengaluru,
Rebalance,,,,,Darwix AI,Artificial Intelligence,-,1500000.0,Gurugram,
IPV,,,,,Darwix AI,Artificial Intelligence,-,1500000.0,Gurugram,
Growth Sense,Info@1000x.co.in,IN/AIF2/25-26/1983,Category II,Kolkata,Darwix AI,Artificial Intelligence,-,1500000.0,Gurugram,
Sanjay Suri,,,,,Darwix AI,Artificial Intelligence,-,1500000.0,Gurugram,
Amit Lakhotia,,,,,Darwix AI,Artificial Intelligence,-,1500000.0,Gurugram,
Mekin Maheshwari,,,,,Darwix AI,Artificial Intelligence,-,1500000.0,Gurugram,
Anchorage Capital Partners,,,,,7 Ring,Ecommerce,Pre-Series A,462000.0,Mumbai,
Sheth family office,,,,,7 Ring,Ecommerce,Pre-Series A,462000.0,Mumbai,
Rukam Sitara,,,,,Xportel,Logistics,Seed,,Delhi,
Flipkart Ventures,,,,,Xportel,Logistics,Seed,,Delhi,
Gemba Capital,,,,,Sanlayan Technologies,Defence Electronics,Series A,186.0,Bengaluru,
and Shastra VC,,,,,Sanlayan Technologies,Defence Electronics,Series A,186.0,Bengaluru,
Rukam Sitara Fund,,,,,Roomstory.ai,AI,Pre-Seed,3.0,Gurugram,
EIF,,,,,Vecmocon Technologies,Deep-tech,Series A,18000000.0,New Delhi,
GIC’s Lathe Investment,,,,,CRED,FinTech,Down Round,617.0,Bengaluru,
BII,,,,,FlexiLoans,NBFC,Series C,375.0,Mumbai,
Pear VC,,,,,Piston,Digital payment,Seed round,6100000.0,Chennai,
BOND,,,,,Piston,Digital payment,Seed round,6100000.0,Chennai,
Capital 2B,,,,,Leumas,Deeptech,Seed round,2200000.0,Bengaluru,
Prakash Padukone,,,,,Machaxi,Sportstech,Funding Round,1500000.0,Bengaluru,
Karnataka Govt’s Venture Fund,,,,,MetaShot,Gaming,Covertible Debt,2.0,Bengaluru,
Wow Momo,,,,,Kisah,Men’s ethnicwear,Funding Round,13.0,Kolkata,
Manit Gupta,,,,,PlutoPe,Decentralized finance (DeFi),Pre-seed Round,5.0,Gurugram,
Corporate: iDEX,,,,,Qubeats,Quantum Computing,Grant (Prize Money),2910000.0,Telangana,
July Ventures,,,,,LoanTap,Alternative Lending,Series B,6290000.0,Maharashtra,
Meri Punji,,,,,Khari Foods,Online Grocery,Seed,350000.0,Delhi,
Micelio Tech Fund,,,,,Stride Green,Green SME Loans,Seed,3500000.0,Haryana,
Gray Matters Capital,,,,,GyanDhan,Higher Education Tech,Series A,5850000.0,Delhi,
Synergy,,,,,Shapoorji Pallonji,Real Estate,Debt,75000000.0,Maharashtra,
Cerberus Capital Management,,,,,Shapoorji Pallonji,Real Estate,Debt,75000000.0,Maharashtra,
M&G,,,,,Udaan,B2B E-Commerce,Series G,114000000.0,Karnataka,
Samena Capital,,,,,Udaan,B2B E-Commerce,Series G,114000000.0,Karnataka,
360 One Asset,ashutosh.naik@iiflw.com,IN/AIF3/16-17/0286,Category III,Mumbai,Snitch,D2C Menswear Brand,Growth,40000000.0,-,
IvyCap,,,,,Snitch,D2C Menswear Brand,Growth,40000000.0,-,
SWC Global,,,,,Snitch,D2C Menswear Brand,Growth,40000000.0,-,
Ravi Modi Office,,,,,Snitch,D2C Menswear Brand,Growth,40000000.0,-,
Aditya Birla Ventures,,,,,Stable Money,FinTech,Series A,20000000.0,-,
Rannvijay Singha,,,,,Atlanture Sports,Sports & Media,Strategic Investment,2500000.0,-,
Jonty Rhodes (Angel Investor),,,,,Upurfit,Sports Wellness,Strategic Investment,,-,
The Fundamentum Partnership Fund,,,,,Stable Money,Wealthtech,Series B,20000000.0,Bengaluru,
US-based institution,,,,,Mufin Green,EV Financier,Debt Funding,18000000.0,New Delhi,
TPG NewQuest,,,,,Citykart,Value fashion retailer,Series B,538.0,Gurugram,
A91,,,,,Citykart,Value fashion retailer,Series B,538.0,Gurugram,
Indiamart Intermesh,,,,,Fleetx.io,SaaS,Series C,113.0,Gurugram,
BEENEXT’s Accelerate Fund,,,,,Fleetx.io,SaaS,Series C,113.0,Gurugram,
Prime Ventures Partners,,,,,Frinks AI,Manufacturing AI,Pre-Series A,5400000.0,Bengaluru,
IIMA Ventures,,,,,Orbitt Space,Spacetech,Pre-seed funding,1000000.0,Ahmedabad,
FK Myntra Holdings,nk@108.vc,IN/AIF2/23-24/1349,Category II,Mumbai,Myntra,Fashion ecommerce,-,124000000.0,Bengaluru,
Equity Capital,Meetali.Mistry@iiflw.com,IN/AIF3/12-13/0016,Category III,Mumbai,Saarathi Finance,NBFC,Funding round,475.0,Mumbai,
Group of family offices,,,,,ILIOS 72 Alternative Capital,Wealth Management,Seed Funding,1.0,Gurugram,
Bhaane Group,,,,,Simply Nam,Beauty brand,-,,Mumbai,
Shastra VC and,,,,,KhiladiPro,Sporttech,Pre-Seed,1000000.0,Bengaluru,
360 Asset Management Fund,ashutosh.naik@iiflw.com,IN/AIF3/16-17/0286,Category III,Mumbai,Snitch,Fashion,Series B,280.0,Bengaluru,
Race Capital,,,,,Unbound,Enterprise AI security and governance,Seed Funding,4000000.0,Pune,
Rising Tide Energy,,,,,Battery Smart,Battery swapping,Series B,29000000.0,New Delhi,
Hero MotoCorp,,,,,Euler Motors,EV,Series D,638.0,New Delhi,
Commvault,,,,,Cloudsek,Cybersecurity,Fresh Funding,19000000.0,Bengaluru,
Series B,,,,,CureBay,HealthTech,Series B,21000000.0,Bhubaneshwar,
Sakal Media Group,,,,,Mythik,Media Technology,Seed Round,15000000.0,Mumbai,
B Capital,,,,,Data Sutram,FinTech,Series A,9000000.0,Mumbai,
Krafton India,,,,,Shuru,Social media,Series A,,Gurugram,
Keiretsu Forum,,,,,KSKT,Agri-commerce,Equity and Debt Round,1300000.0,Gurugram,
Favcy’s 1stCheque Angel Network,,,,,KSKT,Agri-commerce,Equity and Debt Round,1300000.0,Gurugram,
InCred Growth Partners Fund-I,Info@1000x.co.in,IN/AIF2/25-26/1983,Category II,Kolkata,Celebal Tech,IT services provider,Series B,15000000.0,Jaipur,
Norwest Capital,,,,,Celebal Tech,IT services provider,Series B,15000000.0,Jaipur,
LLC,,,,,Celebal Tech,IT services provider,Series B,15000000.0,Jaipur,
Indigram Labs Foundation,,,,,Citrus Freight,Shipping,Bridge Round,2.5,Bengaluru,
Yugadi Capital,,,,,Biryani Blues,QSR,Pre-series C,5000000.0,Gurugram,
Principal Asset Management,,,,,JSW One,B2B e-commerce,-,340.0,Mumbai,
OneUp,,,,,JSW One,B2B e-commerce,-,340.0,Mumbai,
JSW Steel,,,,,JSW One,B2B e-commerce,-,340.0,Mumbai,
Jamwant Ventures And Valour Capital,,,,,TIEA Connectors,B2B ESDM (Electronic System Design and Manufacturing),Funding Round,22.0,Bengaluru,
Picus Capital,,,,,ReelSaga,Mobile-first entertainment,$2.1 Mn,2100000.0,Mumbai,
BlackSoil,,,,,BlueStone,Omnichannel jewellery,Debt Funding,40.0,Bengaluru,
Caspian Impact Investments,,,,,BlueStone,Omnichannel jewellery,Debt Funding,40.0,Bengaluru,
Chona family office,,,,,Hocco,Ice Cream Brand,Series B,10000000.0,Ahmedabad,
Sauce.vc,,,,,Hocco,Ice Cream Brand,Series B,10000000.0,Ahmedabad,
4point0 Health Ventures,,,,,MedVital,MedTech,Pre-seed funding,8.4,New Delhi,
Gulf Islamic Investments,,,,,1-India Family Mart,Value retail chain,Series D,12000000.0,Delhi,
Mohit Tandon,,,,,Zenergize,EV,Seed Funding,2000000.0,Gurugram,
Himanshu Aggarwal,,,,,Zenergize,EV,Seed Funding,2000000.0,Gurugram,
Neo Asset Management,,,,,Nobel Hygiene,Disposable hygiene,Funding Round,20000000.0,Mumbai,
Vijay Kedia,,,,,Fyn Mobility,EVaaS,Funding Round,2500000.0,Chennai,
Lloyd Balajadia,,,,,Fyn Mobility,EVaaS,Funding Round,2500000.0,Chennai,
Rahul Bothra,,,,,Fyn Mobility,EVaaS,Funding Round,2500000.0,Chennai,
Qatar Development Bank,,,,,Alt DRX,Digital Real Estate,Funding Round,23.0,Bengaluru,
Prakash Mody,,,,,Lifechart,Gut Wellness,Seed Funding,360000.0,Gurugram,
and Jayendra Shah,,,,,Lifechart,Gut Wellness,Seed Funding,360000.0,Gurugram,
Ajay Upadhyaya,,,,,Nawgati,Fuel aggregator,Pre-Series A,2500000.0,Noida,
Vikas Agarwal,,,,,KorinMi,Korean skin clinic,Pre-Seed,3.0,Gurugram,
Susquehanna Asia,,,,,The Good Bug,Gut health-focused,Series B,100.0,Mumbai,
Innovito Ventures,,,,,Insurance Samadhan,Insurance,Strategic Funding Round,8.5,Noida,
Fullerton Carbon Action Fund,,,,,Routematic,Transport-as-a-service,Series C,40000000.0,Bengaluru,
Shift4Good,,,,,Routematic,Transport-as-a-service,Series C,40000000.0,Bengaluru,
Deepak Bhagnani Family Office,,,,,Shiplog,Logistics-Tech,Seed Round,6.5,Gurugram,
PB Fintech,,,,,PB Healthcare,HealthTech,Equity funding round,218000000.0,Gurugram,
Tanglin,,,,,Footprints Preschool & Daycare,Early childhood education and daycare,Series A,7500000.0,Noida,
Kedaara Capital,,,,,Porter,Logistics,Series F,200000000.0,Bengaluru,
Wellington Management,,,,,Porter,Logistics,Series F,200000000.0,Bengaluru,
Sauce VC,,,,,Uni Seoul,Lifestyle,Seed Funding,5.0,Pune,
RevX,,,,,Care.fi,Healthcare FinTech,Debt Round,6.0,Gurugram,
Vertex Ventures SEAI,,,,,Metafin,NBFC,Series A,10000000.0,Mumbai,
New Age India Fund,,,,,Scandalous Foods,B2B Indian sweets,Seed Round,2.0,Nashik,
M3M Family Office,,,,,Kult,Beauty Tech,Series A,20000000.0,Mumbai,
NQM,,,,,QNu,Cyber Security,Series A,60.0,Bengaluru,
Wipro Consumer Care,,,,,Anveshan,D2C Food,Series A,48.0,Gurugram,
Lotus Holdings,nk@108.vc,IN/AIF2/23-24/1349,Category II,Mumbai,Salt Oral Care,Pre-Series A,Pre-Series A,1000000.0,Mumbai,
Avinya Ventures,,,,,Ivana Jewels,Lab-grown Diamonds,Seed Round,2.0,Surat,
Galaxy,,,,,Fuze,Digital Assets Infrastructure,Series A,12200000.0,Abu Dhabi,
e& Capital,,,,,Fuze,Digital Assets Infrastructure,Series A,12200000.0,Abu Dhabi,
White Venture Capital,,,,,Finodaya Capital,Non-banking financial company,Seed Funding,2500000.0,Indore,
IIM-A Ventures,,,,,Ivory,Healthcare,Funding Round,1000000.0,New Delhi,
Seedstars International Ventures,,,,,MatBook,Construction Tech,Pre-Seed Round,750000.0,Gurugram,
Fluent Ventures,,,,,MatBook,Construction Tech,Pre-Seed Round,750000.0,Gurugram,
Qatar Investment Authority,,,,,Rebel Foods,Cloud Kitchen,Series G,25000000.0,Mumbai,
Muthoot Fincorp,,,,,BankBazaar,Loan Sourcing,Funding Round,55.0,Chennai,
Walden International,,,,,BankBazaar,Loan Sourcing,Funding Round,55.0,Chennai,
10X Founders,,,,,SaveIN,FinTech,Funding Round,37.0,New Delhi,
Oliver Jung,,,,,SaveIN,FinTech,Funding Round,37.0,New Delhi,
Leblon Capital,,,,,SaveIN,FinTech,Funding Round,37.0,New Delhi,
Stem AI,,,,,SaveIN,FinTech,Funding Round,37.0,New Delhi,
Reazon Capital,,,,,Rimigo,Travel Tech,Pre-Seed Round,550000.0,Bengaluru,
Priya Parthasarathy,,,,,V SAFE,IoT,Seed Funding,300000.0,Thanjavur,
Waimea Bay Investments,,,,,SportsSkill,Sports Technology,Pre-Seed Funding,,Pune,
ValueQuest SCALE Fund,,,,,Jupiter International,Solar solutions,-,500.0,Kolkata,
Rinku Singh,,,,,BeastLife,Nutrition Brand,-,1.9,Gurugram,
Krafton,,,,,JetSynthesys,Digital entertainment and technology,-,,Pune,
Bessemer,,,,,Easebuzz,B2B FinTech,Funding Round,30000000.0,Pune,
ICICI Venture,,,,,Innovist,Beauty Products,Series B,136.0,Gurugram,
Chanakya Opportunities Fund,,IN/AIF1/17-18/0321,Category I,,Sadbhav Future Tech,Agri-Renewable,Pre-IPO Round,36.0,Gurugram,
The House Fund,,,,,SiglQ.ai,EdTech,Seed Round,9500000.0,-,
GSV Ventures,,,,,SiglQ.ai,EdTech,Seed Round,9500000.0,-,
9Unicorns,,,,,Cautio,Visual Telematics,Seed Round,11.0,Bengaluru,
Infinyte Club,,,,,Cautio,Visual Telematics,Seed Round,11.0,Bengaluru,
Ministry of Electronics,,,,,Cautio,Visual Telematics,Seed Round,11.0,Bengaluru,
IT (MeitY),,,,,Cautio,Visual Telematics,Seed Round,11.0,Bengaluru,
Accel India,,,,,AgroStar,AgriTech,Funding Round,6700000.0,Pune,
Advenza Global Limited,,,,,PARÉ Innovations,building material segment,Funding Round,8500000.0,Mumbai,
Pradeep Nain,,,,,Bhagva,Digital Spirituality,Pre-Series A,1000000.0,Delhi,
Bose Corporation,,,,,Noise,Wearables,Funding Round,20000000.0,Gurugram,
Play Ventures,,,,,Eloelo,Live Social Entertainment,Series B,13500000.0,Bengaluru,
High-Net-Worth Individuals (HNIs),,,,,Bower,EdTech,Seed Funding,11.5,Hyderabad,
Astir Ventures,,,,,Bower,EdTech,Seed Funding,11.5,Hyderabad,
Think Investment,,,,,Mosaic Wellness,Health and wellness,-,20000000.0,Mumbai,
Saama Capital,,,,,Koparo,D2C,Pre-Series A,1700000.0,New Delhi,
Accel Leaders Fund,,,,,Spinny,Used-car sales,Funding Round,131000000.0,Gurugram,
Sunder Ramachandran,,,,,Evenflow,Multi-brand,Series A,5000000.0,Mumbai,
Elanpro,,,,,Wendor,Smart Vending,Seed Funding,2500000.0,Delhi,
Lemniscap,,,,,DeCharge,EV Charging Solutions,Seed Funding,2500000.0,Hyderabad,
MMG Group,,,,,YatriKart,Transit Retail,Series A,,Indore,
Group of high-net-worth Indian investors,,,,,Argos Watches,Luxury watch brand,Angel Funding Round,6.5,Surat,
Family offices,,,,,Better Nutrition,Biofortified food brand,Seed Funding,10.0,Lucknow,
high-net-worth individuals (HNIs),,,,,Better Nutrition,Biofortified food brand,Seed Funding,10.0,Lucknow,
Beams Fintech Fund,,,,,Infinity Fincorp,NBFC,Series A,40000000.0,Mumbai,
Gruhas Collective Consumer Fund,,,,,Fur Jaden,Luggage and lifestyle brand,Pre-Series A,1100000.0,Mumbai,
Flipkart Marketplace Private Limited in Singapore,,,,,Flipkart Internet,Marketplace,-,3249.0,Bengaluru,
Florintree Advisors,,,,,Tonbo Imaging,Defence tech,Series D pre-IPO funding round,175.0,Bengaluru,
the Export-Import Bank of India,,,,,Tonbo Imaging,Defence tech,Series D pre-IPO funding round,175.0,Bengaluru,
UTEC,,,,,Aerem Solutions Private Limited,Solartech,Funding Round,100.0,Mumbai,
Prakash Sikaria,,,,,Alienkind,Juice Brand,Seed Funding,1200000.0,Bengaluru,
Ravi Iyer,,,,,Alienkind,Juice Brand,Seed Funding,1200000.0,Bengaluru,
Arpan Sheth,,,,,Alienkind,Juice Brand,Seed Funding,1200000.0,Bengaluru,
Lightspeed Venture Partners,,,,,Nexthop AI,AI,Funding Round,110000000.0,US,
NEAR Foundation,,,,,Abound,Finance,Seed Funding,14000000.0,US,
Elev8,,,,,smallcase,Online investment platform,Series D,50000000.0,Bengaluru,
V-Sciences Investments,,,,,Country Delight,Dairy products brand,Equity Round,25000000.0,Gurugram,
Binny Bansal,,,,,Curefoods,Cloud Kitchen,-,6600000.0,Bengaluru,
Caspian Investments,,,,,Curefoods,Cloud Kitchen,-,6600000.0,Bengaluru,
Nuvama,,,,,Otipy,AgriTech,Venture Debt,2000000.0,Gurgaon,
NSFO,,,,,Pilgrim,D2C Beauty Brand,Mix of Primary and Secondary Funding,200.0,Bengaluru,
A.V. Thomas,,,,,Chai Kings,Chai Retail,Series A,3000000.0,Chennai,
Co,,,,,Chai Kings,Chai Retail,Series A,3000000.0,Chennai,
Chimera VC,,,,,Qila Games,Gaming,Pre-seed Funding,1000000.0,Bengaluru,
Malpani Ventures,,,,,Iyaso,Speech Therapy,Pre-Seed Funding,500000.0,Pune,
NabVentures,,,,,Navadhan,FinTech,Series A,111.0,Mumbai,
Fractal,,,,,Asper.ai,AI-powered supply chain,-,20000000.0,Bengaluru,
U.S. investors,,,,,iHub Robotics,Humanoid robotics,Pre-Seed Funding,4.3,Ernakulam,
Sirona,,,,,GoOAT,D2C nutrition,Pre-Seed Round,,Gurugram,
Mile Deep Capital,,,,,Yummy Bee,Café chain,Funding,18.0,Hyderabad,
HSBC,,,,,Zolve,Cross-border NeoBank,Series B,251000000.0,Bengaluru,
Bertelsmann India,,,,,Scimplify,Chemicals Startup,Series B,40000000.0,Bengaluru,
UMI,,,,,Scimplify,Chemicals Startup,Series B,40000000.0,Bengaluru,
SageOne Flagship Growth OE Fund,,,,,Purple Style Labs,Omnichannel Luxury Fashion,Series E,40000000.0,Mumbai,
Alchemy Long Term Ventures Fund,,,,,Purple Style Labs,Omnichannel Luxury Fashion,Series E,40000000.0,Mumbai,
Investment,,,,,Purple Style Labs,Omnichannel Luxury Fashion,Series E,40000000.0,Mumbai,
and Minerva Ventures Fund,,,,,Purple Style Labs,Omnichannel Luxury Fashion,Series E,40000000.0,Mumbai,
SoGal Ventures,,,,,indē wild,Ayurvedic Skincare,Seed Round,5000000.0,Mumbai,
The Global Ventures,,,,,indē wild,Ayurvedic Skincare,Seed Round,5000000.0,Mumbai,
Garuda Aerospace,,,,,Zuppa,Drone Manufacturing,Strategic Investment,,Chennai,
Hara Global Capital,,,,,Swish,Food Delivery,Series A,14000000.0,Bengaluru,
Growth Strategy Ventures,Info@1000x.co.in,IN/AIF2/25-26/1983,Category II,Kolkata,Gainhub.Ai,,Pre-Series,100000.0,Haryana,
Eaglewings Venture,,,,,MapMyCrop,AgriTech,Seed Funding,15.7,Pune,
Dell Technologies Capital,info@paulasset.com,IN/AIF3/24-25/1602,Category III,Kolkata,MaxIQ (formerly Gyaan AI),AI,Seed Funding,7800000.0,Bengaluru,
Intel Capital,,,,,MaxIQ (formerly Gyaan AI),AI,Seed Funding,7800000.0,Bengaluru,
Japan’s Mitsubishi UFJ Financial Group (MUFG),,,,,InsuranceDekho,Insurtech,Funding Round,70000000.0,Gurugram,
and insurer BNP Paribas Cardif,,,,,InsuranceDekho,Insurtech,Funding Round,70000000.0,Gurugram,
Good Capital,,,,,Nuuk,D2C home appliances,Series A,5000000.0,Gurugram,
Multiples Alternate Asset Management,,,,,Geniemode,B2B Cross-Border E-commerce,Series C,50000000.0,Gurugram,
Paramark Ventures,,,,,Geniemode,B2B Cross-Border E-commerce,Series C,50000000.0,Gurugram,
AK Capital Finance,,,,,Oxyzo,FinTech - NBFC Lending,Debt Funding,100.0,Gurugram,
Alkemi Growth Capital,Info@1000x.co.in,IN/AIF2/25-26/1983,Category II,Kolkata,Quick Clean,Linen Management - SaaS,Series A + Debt Funding,50.0,Gurugram,
Rs 10 crore ($1.15M) credit line from Venture Debt Cos,,,,,Quick Clean,Linen Management - SaaS,Series A + Debt Funding,50.0,Gurugram,
Acquired a 0.32% stake by Go Digit (Insurtech - Investments),,,,,Dr. Reddy’s Laboratories,Pharmaceutical Company,Strategic Investment,30.0,Hyderabad,
Mysten Labs,,,,,FanTV,Content - Blockchain/Sui Network,Strategic Investment,3000000.0,Noida,
Cypher Capital,,,,,FanTV,Content - Blockchain/Sui Network,Strategic Investment,3000000.0,Noida,
CoinSwitch Ventures,,,,,FanTV,Content - Blockchain/Sui Network,Strategic Investment,3000000.0,Noida,
Illuminati Capital,,,,,FanTV,Content - Blockchain/Sui Network,Strategic Investment,3000000.0,Noida,
Dewang Neralla's Family Office,,,,,HiWiPay,FinTech - Cross-border Payments,Seed Round,2000000.0,Mumbai,
Jupiter Metaverse LLP,,,,,HiWiPay,FinTech - Cross-border Payments,Seed Round,2000000.0,Mumbai,
Ritesh Malik,,,,,HiWiPay,FinTech - Cross-border Payments,Seed Round,2000000.0,Mumbai,
Mitesh Shah,,,,,HiWiPay,FinTech - Cross-border Payments,Seed Round,2000000.0,Mumbai,
Nilesh Doshi,,,,,HiWiPay,FinTech - Cross-border Payments,Seed Round,2000000.0,Mumbai,
INVSTT,,,,,Sisir Radar,Spacetech - SAR Satellite Imaging,Seed Round,1500000.0,Kolkata,
Angel Investors from Entertainment & Gaming Community,,,,,Triple Tap Games,Gaming - Game Development,Pre-Seed Round,1200000.0,Mumbai,
Nitin Gupta,,,,,Dodo Payments,FinTech - Payments Infrastructure,Pre-Seed Round,1100000.0,Bengaluru,
Maninder Gulati,,,,,Dodo Payments,FinTech - Payments Infrastructure,Pre-Seed Round,1100000.0,Bengaluru,
Raymond Russell,,,,,Dodo Payments,FinTech - Payments Infrastructure,Pre-Seed Round,1100000.0,Bengaluru,
Preethi Kasireddy,,,,,Dodo Payments,FinTech - Payments Infrastructure,Pre-Seed Round,1100000.0,Bengaluru,
Nishant Verman,,,,,Dodo Payments,FinTech - Payments Infrastructure,Pre-Seed Round,1100000.0,Bengaluru,
Deep Bajaj,,,,,Ritualistic,Home Decor - D2C Brand,Secondary + Primary Funding,1000000.0,Gurugram,
Mohit Bajaj,,,,,Ritualistic,Home Decor - D2C Brand,Secondary + Primary Funding,1000000.0,Gurugram,
We Founder Circle (WFC),,,,,Pickkup,Logistics - Hyperlocal Deliveries,Seed Round,500000.0,Gurugram,
Mile Deep Works,,,,,Make in Box,Deeptech - Engineering Solutions,Pre-Series Funding,260000.0,Gurugram,
NIIF Infrastructure Finance Limited (NIIF IFL),,,,,Lightstorm,Cloud & Data Centre Networking,Funding Round,700.0,Gurugram,
Series G Equity Funding,,,,,Udaan,B2B E-commerce,Series G,75000000.0,Bengaluru,
Jungle Ventures (Primary & Secondary Investment),,,,,Waterfield Advisors,Wealth Advisory - FinTech,Funding Round,18000000.0,Mumbai,
Storm Ventures,,,,,Spyne,AI-Powered Visual Merchandising - AutoTech,Series A,16000000.0,Gurugram,
Sofina,,,,,The Whole Truth,Clean Label Health Food - D2C,Series C,15000000.0,Mumbai,
Sauce.VC,,,,,The Whole Truth,Clean Label Health Food - D2C,Series C,15000000.0,Mumbai,
Ektha.com,,,,,Dogsee Chew,D2C Pet Treats,Series B,8000000.0,Bengaluru,
Shivanssh Holdings,nk@108.vc,IN/AIF2/23-24/1349,Category II,Mumbai,Dogsee Chew,D2C Pet Treats,Series B,8000000.0,Bengaluru,
Poddar Family Office,,,,,Dogsee Chew,D2C Pet Treats,Series B,8000000.0,Bengaluru,
Marc Jordan,,,,,Ikonz Studios,Digital Avatars & Holography - AI/VR,Pre-Series A,5000000.0,Hyderabad,
Ramana Thummu,,,,,Ikonz Studios,Digital Avatars & Holography - AI/VR,Pre-Series A,5000000.0,Hyderabad,
Akash Bhanshali,,,,,Ikonz Studios,Digital Avatars & Holography - AI/VR,Pre-Series A,5000000.0,Hyderabad,
US-based & Indian Family Offices,,,,,Probus Smart Things,IoT & Data Analytics,Series A1,5000000.0,Noida,
Touchstone Ventures,,,,,Swish Club,Devices-as-a-Service - DaaS,Pre-Series A,4500000.0,Bengaluru,
Atrium Ventures,,,,,Swish Club,Devices-as-a-Service - DaaS,Pre-Series A,4500000.0,Bengaluru,
LIT Fund,,,,,OneTab AI,Workplace SaaS - AI Solutions,Seed Round,3300000.0,Indore,
Orbit,,,,,OneTab AI,Workplace SaaS - AI Solutions,Seed Round,3300000.0,Indore,
Singapore Family Office,,,,,OneTab AI,Workplace SaaS - AI Solutions,Seed Round,3300000.0,Indore,
SOSV,,,,,OneTab AI,Workplace SaaS - AI Solutions,Seed Round,3300000.0,Indore,
Sunil Kumar Singhvi,,,,,OneTab AI,Workplace SaaS - AI Solutions,Seed Round,3300000.0,Indore,
Founders,,,,,OneTab AI,Workplace SaaS - AI Solutions,Seed Round,3300000.0,Indore,
Promoters of Haldiram’s,,,,,Almonds Ai,Loyalty & Rewards Platform - SaaS,Seed Round,16.0,Gurugram,
JITO Incubation & Innovation Foundation (JIIF),,,,,Almonds Ai,Loyalty & Rewards Platform - SaaS,Seed Round,16.0,Gurugram,
Ever Grow Capital,,,,,Almonds Ai,Loyalty & Rewards Platform - SaaS,Seed Round,16.0,Gurugram,
Nine ALPS,,,,,Almonds Ai,Loyalty & Rewards Platform - SaaS,Seed Round,16.0,Gurugram,
JITO Incubation & Innovation Foundation,,,,,NOTO Ice Cream,D2C - Health Foods,Growth Funding,15.0,Mumbai,
Yashowardhan Shah,,,,,Dynolt Technologies,Deeptech - AI & Analytics,Seed Round,1700000.0,Bengaluru,
Luke Coutinho,,,,,You Care Lifestyle,Independent Verification - E-commerce,Funding Round,1000000.0,Mumbai,
Narendra Firodia,,,,,You Care Lifestyle,Independent Verification - E-commerce,Funding Round,1000000.0,Mumbai,
Thrive Ventures,,,,,Healthfab,D2C - Reusable Period Panties,Pre-Series A,1000000.0,Bengaluru,
Anupam Mittal,,,,,Healthfab,D2C - Reusable Period Panties,Pre-Series A,1000000.0,Bengaluru,
Aman Gupta,,,,,Healthfab,D2C - Reusable Period Panties,Pre-Series A,1000000.0,Bengaluru,
Vineeta Singh,,,,,Healthfab,D2C - Reusable Period Panties,Pre-Series A,1000000.0,Bengaluru,
Peyush Bansal,,,,,Healthfab,D2C - Reusable Period Panties,Pre-Series A,1000000.0,Bengaluru,
Nikhil Kamath’s WTFund (2024 Cohort),,,,,BYTES,AI-Powered ADAS for Two-Wheelers - MobilityTech,Grant,20.0,Pune,
Tiger Global,,,,,EnCharge AI,AI Chips - Semiconductor,Series B,100000000.0,California,
ValueQuest Scale Fund,,,,,ToneTag,Digital Payments - FinTech,Funding Round,78000000.0,Bengaluru,
Vertex Growth Singapore,,,,,SpotDraft,Contract Lifecycle Management - CLM SaaS,Series B,54000000.0,Bengaluru,
Trident Partners,,,,,SpotDraft,Contract Lifecycle Management - CLM SaaS,Series B,54000000.0,Bengaluru,
Xeed VC,,,,,SpotDraft,Contract Lifecycle Management - CLM SaaS,Series B,54000000.0,Bengaluru,
Strategic Investor,,,,,Zeta,Banking Tech - FinTech SaaS,Investment Round (Valued at $2B),50000000.0,Hyderabad,
Accurant International's Net Zero Alliance,,,,,75F,Commercial HVAC Automation - IoT & AI,Series B,45000000.0,Bengaluru,
Carrier Global Corporation,,,,,75F,Commercial HVAC Automation - IoT & AI,Series B,45000000.0,Bengaluru,
Climate Investment,,,,,75F,Commercial HVAC Automation - IoT & AI,Series B,45000000.0,Bengaluru,
Breakthrough Energy Ventures,,,,,75F,Commercial HVAC Automation - IoT & AI,Series B,45000000.0,Bengaluru,
Next47,,,,,75F,Commercial HVAC Automation - IoT & AI,Series B,45000000.0,Bengaluru,
WIND Ventures,,,,,75F,Commercial HVAC Automation - IoT & AI,Series B,45000000.0,Bengaluru,
Alpha Wave,info@paulasset.com,IN/AIF3/24-25/1602,Category III,Kolkata,Lucidity,Multi-Cloud Storage - SaaS,Series A,21000000.0,Bengaluru,
Sofina Ventures,,,,,The Whole Truth,D2C Protein Bars - Foodtech,Series C,133.0,Mumbai,
Matrix Partners,,,,,The Whole Truth,D2C Protein Bars - Foodtech,Series C,133.0,Mumbai,
Dreamit,,,,,Nirmata,SaaS - Cloud Security,Funding Round,9600000.0,Bengaluru,
Z5 Capital,,,,,Nirmata,SaaS - Cloud Security,Funding Round,9600000.0,Bengaluru,
Uncorrelated Ventures,,,,,Nirmata,SaaS - Cloud Security,Funding Round,9600000.0,Bengaluru,
Zerodha’s Rainmatter,,,,,Bold Care,D2C Sexual Wellness - HealthTech,Series A,5000000.0,Mumbai,
Mithun Sacheti (CaratLane),,,,,Bold Care,D2C Sexual Wellness - HealthTech,Series A,5000000.0,Mumbai,
Siddhartha Sacheti (Jaipur Diamond),,,,,Bold Care,D2C Sexual Wellness - HealthTech,Series A,5000000.0,Mumbai,
Claris Capital,,,,,Bold Care,D2C Sexual Wellness - HealthTech,Series A,5000000.0,Mumbai,
Anicut Growth Fund,Info@1000x.co.in,IN/AIF2/25-26/1983,Category II,Kolkata,CapGrid Solutions,B2B Manufacturing - Supply Chain SaaS,Funding Round,5000000.0,Gurugram,
W Health Ventures,,,,,Nivaan Care,Chronic Pain Management - HealthTech,Seed Round,4250000.0,Delhi,
Holtzbrinck Publishing Group,,,,,Toonsutra,Webtoon & Comics - MediaTech,Seed Round,3200000.0,Bengaluru,
GMJP,,,,,Toonsutra,Webtoon & Comics - MediaTech,Seed Round,3200000.0,Bengaluru,
T-Accelerate,,,,,Toonsutra,Webtoon & Comics - MediaTech,Seed Round,3200000.0,Bengaluru,
Graphic India,,,,,Toonsutra,Webtoon & Comics - MediaTech,Seed Round,3200000.0,Bengaluru,
EMVC,,,,,Mysa,Unified Finance - FinTech SaaS,Seed Round,2800000.0,Bengaluru,
CIIIE,,,,,Mysa,Unified Finance - FinTech SaaS,Seed Round,2800000.0,Bengaluru,
Sriharsha Majety (Swiggy),,,,,Mysa,Unified Finance - FinTech SaaS,Seed Round,2800000.0,Bengaluru,
Mohit Kumar (Ultrahuman),,,,,Mysa,Unified Finance - FinTech SaaS,Seed Round,2800000.0,Bengaluru,
Naiyaa Saagi (MyGlamm),,,,,Mysa,Unified Finance - FinTech SaaS,Seed Round,2800000.0,Bengaluru,
Nitin Gupta (Uni),,,,,Mysa,Unified Finance - FinTech SaaS,Seed Round,2800000.0,Bengaluru,
Juvo Ventures,,,,,Eduvanz,Education Loan - FinTech,Bridge Funding Round,25.52,Mumbai,
Capria Fund,,,,,Eduvanz,Education Loan - FinTech,Bridge Funding Round,25.52,Mumbai,
Unitus Ventures,,,,,Eduvanz,Education Loan - FinTech,Bridge Funding Round,25.52,Mumbai,
DSP,,,,,ArthAlpha,Investment Tech - Wealthtech,Seed Round,2000000.0,Bengaluru,
Wealth Managers,ronak@11hadvisors.com,IN/AIF3/23-24/1391,Category III,Ahmedabad,ArthAlpha,Investment Tech - Wealthtech,Seed Round,2000000.0,Bengaluru,
Callapina Capital,,,,,The Energy Company,EV Battery Solutions,Pre-Series A,2000000.0,Bengaluru,
Z21 Ventures,,,,,The Energy Company,EV Battery Solutions,Pre-Series A,2000000.0,Bengaluru,
other investors,,,,,The Energy Company,EV Battery Solutions,Pre-Series A,2000000.0,Bengaluru,
AngelList Quant Fund,,,,,Future AGI,AI Infrastructure,Pre-Seed Round,1600000.0,Bengaluru,
Saka Ventures,,,,,Future AGI,AI Infrastructure,Pre-Seed Round,1600000.0,Bengaluru,
Swadharma Source Ventures,,,,,Future AGI,AI Infrastructure,Pre-Seed Round,1600000.0,Bengaluru,
30+ industry stalwarts,,,,,Future AGI,AI Infrastructure,Pre-Seed Round,1600000.0,Bengaluru,
Cedar IBSI Capital,,,,,Cogniquest,Intelligent Document Processing - SaaS AI,Seed Round,1200000.0,Bengaluru,
Dexter Venture,,,,,Cogniquest,Intelligent Document Processing - SaaS AI,Seed Round,1200000.0,Bengaluru,
AngelList,,,,,Cogniquest,Intelligent Document Processing - SaaS AI,Seed Round,1200000.0,Bengaluru,
Congniphy US,,,,,Cogniquest,Intelligent Document Processing - SaaS AI,Seed Round,1200000.0,Bengaluru,
Japanese Investors,,,,,Raincheck Earth Co.,Alcoholic Beverage - D2C,Pre-Series A,1200000.0,Delhi,
AngelList India Syndicate,,,,,Raincheck Earth Co.,Alcoholic Beverage - D2C,Pre-Series A,1200000.0,Delhi,
Sujeet Kumar,,,,,GoRally,Pickleball Chain - Sports,Pre-Seed Round,6.6,Bengaluru,
Mohit Kumar,,,,,GoRally,Pickleball Chain - Sports,Pre-Seed Round,6.6,Bengaluru,
Vatsal Singhal,,,,,GoRally,Pickleball Chain - Sports,Pre-Seed Round,6.6,Bengaluru,
Viren Singhvi,,,,,GoRally,Pickleball Chain - Sports,Pre-Seed Round,6.6,Bengaluru,
Kartik Kapoor,,,,,GoRally,Pickleball Chain - Sports,Pre-Seed Round,6.6,Bengaluru,
Deepak Singh,,,,,GoRally,Pickleball Chain - Sports,Pre-Seed Round,6.6,Bengaluru,
Arjun Vaidya,,,,,GoRally,Pickleball Chain - Sports,Pre-Seed Round,6.6,Bengaluru,
Rainmatter (Nithin Kamath),,,,,StepOut,Sports Tech - Performance Analysis,Seed Round,500000.0,Bengaluru,
IndigoEdge,,,,,StepOut,Sports Tech - Performance Analysis,Seed Round,500000.0,Bengaluru,
Marwah Sports Group,,,,,StepOut,Sports Tech - Performance Analysis,Seed Round,500000.0,Bengaluru,
Misfits Capital,,,,,StepOut,Sports Tech - Performance Analysis,Seed Round,500000.0,Bengaluru,
Bluebridge Capital Private Limited,,,,,LegUp,Caregiving Tech - Family & Wellness,Pre-Seed Round,2.0,Washington,
Angel Investors from tea,,,,,Croft Beverages,Sustainable Tea - AgriTech D2C,Pre-Seed Round,125000.0,Coimbatore,
sustainability,,,,,Croft Beverages,Sustainable Tea - AgriTech D2C,Pre-Seed Round,125000.0,Coimbatore,
IT,,,,,Croft Beverages,Sustainable Tea - AgriTech D2C,Pre-Seed Round,125000.0,Coimbatore,
biotech sectors,,,,,Croft Beverages,Sustainable Tea - AgriTech D2C,Pre-Seed Round,125000.0,Coimbatore,
Flipkart (Parent Company),,,,,Myntra,E-commerce - Fashion,Capital Infusion,81000000.0,Bengaluru,
family office of Sriharsha Majety (Swiggy),,,,,Captain Fresh,Seafood Supply Chain,Pre-IPO Funding Round,250.0,Bengaluru,
Sid Khanna,,,,,Captain Fresh,Seafood Supply Chain,Pre-IPO Funding Round,250.0,Bengaluru,
Sunjay Kapur,,,,,Captain Fresh,Seafood Supply Chain,Pre-IPO Funding Round,250.0,Bengaluru,
Shivalik Prints,,,,,Captain Fresh,Seafood Supply Chain,Pre-IPO Funding Round,250.0,Bengaluru,
Jump Capital,,,,,TrueFoundry,AI Deployment & Scaling,Series A,19000000.0,Bengaluru,
Mohit Aron,,,,,TrueFoundry,AI Deployment & Scaling,Series A,19000000.0,Bengaluru,
Cyan Banister,,,,,TrueFoundry,AI Deployment & Scaling,Series A,19000000.0,Bengaluru,
Fortune 1000 executives,,,,,TrueFoundry,AI Deployment & Scaling,Series A,19000000.0,Bengaluru,
12 Flags Consumer Holdings,,,,,HairOriginals,D2C Hair Extensions & Wigs,Series A,43.5,Gurugram,
Peyush Bansal (Lenskart),,,,,HairOriginals,D2C Hair Extensions & Wigs,Series A,43.5,Gurugram,
Mirabilis Investment Trust,,,,,Nua,Women’s Wellness & Hygiene,Pre-Series C,35.0,Mumbai,
Samir Singh (Colgate Palmolive),,,,,Nua,Women’s Wellness & Hygiene,Pre-Series C,35.0,Mumbai,
Shuchi Kothari (DSP Family Office),,,,,Nua,Women’s Wellness & Hygiene,Pre-Series C,35.0,Mumbai,
Indus Way Emerging Market Fund,,,,,Scentials,D2C Wellness,Debt & Equity,34.6,Mumbai,
TIW Private Equity,Meetali.Mistry@iiflw.com,IN/AIF3/12-13/0016,Category III,Mumbai,Scentials,D2C Wellness,Debt & Equity,34.6,Mumbai,
Shark Tank founders,,,,,Mealawe,Foodtech,Funding Round,1000000.0,Pune,
FDI,,,,,Mealawe,Foodtech,Funding Round,1000000.0,Pune,
angel investors from Goldman Sachs,,,,,Mealawe,Foodtech,Funding Round,1000000.0,Pune,
Oracle,,,,,Mealawe,Foodtech,Funding Round,1000000.0,Pune,
McDonald's India (North & East) Promoter Anant Agarwal,,,,,Fitspire,Health & Nutrition,Bridge Round (Pre-Series A),1000000.0,Delhi,
MM Agrawal Group (MMG),,,,,Fitspire,Health & Nutrition,Bridge Round (Pre-Series A),1000000.0,Delhi,
AKG financials,,,,,Fitspire,Health & Nutrition,Bridge Round (Pre-Series A),1000000.0,Delhi,
Upsparks Capital,,,,,Quicklend,Secured Lending,Pre-Seed Round,6.75,Bengaluru,
GrowX,,,,,Quicklend,Secured Lending,Pre-Seed Round,6.75,Bengaluru,
strategic angel investors,,,,,Quicklend,Secured Lending,Pre-Seed Round,6.75,Bengaluru,
Amplify,,,,,Babynama,Digital Pediatric Care,Seed Round,700000.0,New Delhi,
Abhishek Gupta (Fashinza),,,,,Babynama,Digital Pediatric Care,Seed Round,700000.0,New Delhi,
Ankit Gupta (Bicycle Health),,,,,Babynama,Digital Pediatric Care,Seed Round,700000.0,New Delhi,
Akshay Saxena (Avanti),,,,,Babynama,Digital Pediatric Care,Seed Round,700000.0,New Delhi,
Dhruv Dhanraj Bahl (Ex-BharatPe),,,,,Babynama,Digital Pediatric Care,Seed Round,700000.0,New Delhi,
YourNest Venture Capital (YourNest-SanchiConnect Velocity Program 2024),,,,,Presage Insights,IoT & AI Predictive Maintenance,Seed Round,5.6,Faridabad,
IAN Angel Fund,ashutosh.naik@iiflw.com,IN/AIF3/16-17/0286,Category III,Mumbai,PlaySuper,Gaming Commerce,Seed Round,500000.0,Gurugram,
100X.VC,,,,,PlaySuper,Gaming Commerce,Seed Round,500000.0,Gurugram,
angel investors (Uday Sodhi,,,,,PlaySuper,Gaming Commerce,Seed Round,500000.0,Gurugram,
KRS Jamwal,,,,,PlaySuper,Gaming Commerce,Seed Round,500000.0,Gurugram,
Pratham Mittal,,,,,PlaySuper,Gaming Commerce,Seed Round,500000.0,Gurugram,
Rajit Bhattacharya,,,,,PlaySuper,Gaming Commerce,Seed Round,500000.0,Gurugram,
Ankit Das),,,,,PlaySuper,Gaming Commerce,Seed Round,500000.0,Gurugram,
Vikas Gautam,,,,,Origamis AI,GenAI Startup,Seed Round,500000.0,Bengaluru,
Naveen Agarwal,,,,,Origamis AI,GenAI Startup,Seed Round,500000.0,Bengaluru,
Emergent Ventures,,,,,Astra Security,Cybersecurity,Funding Round,2700000.0,New Delhi,
The Neon Fund,,,,,Astra Security,Cybersecurity,Funding Round,2700000.0,New Delhi,
PointOne Capital,,,,,Astra Security,Cybersecurity,Funding Round,2700000.0,New Delhi,
Persol Group (Asia-Pacific HR Services Provider),,,,,Vahan.ai,AI Hiring Platform,Strategic Investment,,Bengaluru,
Angel Round (Launched by Priyanka Gill,,,,,COLUXE,Lab-grown Diamonds - LGD Brand,Angel Round,,New Delhi,
Venture Partner at Kalaari Capital,,,,,COLUXE,Lab-grown Diamonds - LGD Brand,Angel Round,,New Delhi,
Co-founder of Good Glamm Group),,,,,COLUXE,Lab-grown Diamonds - LGD Brand,Angel Round,,New Delhi,
Mars Growth Global,,,,,Meesho,E-commerce,Funding Round,500.0,Bengaluru,
Apis Growth Markets Fund III,,,,,Leap,EdTech - Student Mobility,Primary and Secondary Equity,65000000.0,Bengaluru,
Apis Global Growth Fund III,,,,,Leap,EdTech - Student Mobility,Primary and Secondary Equity,65000000.0,Bengaluru,
Battery Ventures,,,,,Atomicwork,B2B SaaS,Series A,25000000.0,Bengaluru,
March Capital,,,,,SuperOps,IT Management SaaS,Series C,25000000.0,Chennai,
Lee Fixel’s Addition,,,,,SuperOps,IT Management SaaS,Series C,25000000.0,Chennai,
Mankind Pharma,,,,,Innov8,Coworking,Primary Funding Round,110.0,New Delhi,
Gauri Khan,,,,,Innov8,Coworking,Primary Funding Round,110.0,New Delhi,
Rupa Group,,,,,Innov8,Coworking,Primary Funding Round,110.0,New Delhi,
Jagruti Dalmia,,,,,Innov8,Coworking,Primary Funding Round,110.0,New Delhi,
InvAscent (India Life Sciences Fund IV),,,,,Geri Care Health Services,Senior Healthcare,Funding Round,110.0,Chennai,
Evolvence India,,,,,Emiza,Logistics,Series C,100.0,Mumbai,
EM Impact Capital (UK-based impact investment firm),,,,,VoltUp,EV Infrastructure,Seed Round,8000000.0,Pune,
Apollo Fund,,,,,Astrome Technologies,Telecom - E-band Solutions,Funding Round,10000000.0,Bengaluru,
Advantedge VC,,,,,Ambak,FinTech,Seed & Pre-Series A,7000000.0,Gurugram,
BLinC Invest,,,,,Bizloan,NBFC - SME Lending,Series A,35.0,Gurugram,
Client Associates Alternate Fund (CAAF),,,,,Salad Days,D2C Food,Series A,30.0,Gurugram,
Bluestone,,,,,CHK,D2C Footwear,Funding Round,2500000.0,Bengaluru,
Panthera Peak Capital,,,,,MetaShot,Gaming - Console,Equity & Debt,11.0,Bengaluru,
Nihir Parikh,,,,,Sammmm,Teen Self-care Brand,Seed Round,10.0,Mumbai,
Sachin Parikh,,,,,Sammmm,Teen Self-care Brand,Seed Round,10.0,Mumbai,
Shantanu & Nikhil Mehra,,,,,Sammmm,Teen Self-care Brand,Seed Round,10.0,Mumbai,
Ultra HNIs,,,,,Origin Fresh,Fresh Produce D2C,Pre-Seed Round,1000000.0,Bengaluru,
Concept Communications,,,,,ThinkMetal,Deeptech - Manufacturing,Pre-Series A,800000.0,Chennai,
Sanchi Connect,,,,,ThinkMetal,Deeptech - Manufacturing,Pre-Series A,800000.0,Chennai,
along with D2C founders Ghazal Alagh (founder,,,,,Dressfolk,D2C Handloom Clothing,Funding Round,,New Delhi,
Mamaearth),,,,,Dressfolk,D2C Handloom Clothing,Funding Round,,New Delhi,
Dhruv Koli (founder,,,,,Dressfolk,D2C Handloom Clothing,Funding Round,,New Delhi,
Boba Bhai),,,,,Dressfolk,D2C Handloom Clothing,Funding Round,,New Delhi,
with participation from Nobody Ventures,,,,,Dressfolk,D2C Handloom Clothing,Funding Round,,New Delhi,
Eagle Wings Ventures,,,,,Dressfolk,D2C Handloom Clothing,Funding Round,,New Delhi,
Axana Estates LLP,,,,,Nazara Technologies,Gaming & Media,Funding Round,495.0,Mumbai,
Walden Catalyst Ventures,,,,,Ati Motors,Industrial Robotics,Series B,20000000.0,Bengaluru,
NGP Capital,,,,,Ati Motors,Industrial Robotics,Series B,20000000.0,Bengaluru,
True Ventures,,,,,Ati Motors,Industrial Robotics,Series B,20000000.0,Bengaluru,
Mukul Agrawal (Param Capital),,,,,Aris Infra Solutions,Tech-enabled Procurement,Pre-IPO Round,80.0,Mumbai,
BOLD (L’Oréal’s VC Fund),,,,,Deconstruct,D2C Skincare,Funding Round,65.0,Bengaluru,
Kotak Securities,,,,,VuNet Systems,Business Observability,Series B,60.0,Bengaluru,
TVS Capital Funds,,,,,VuNet Systems,Business Observability,Series B,60.0,Bengaluru,
Amal N Parikh,,,,,Medusa Beverages,Beer Manufacturing,Series A,56.0,Delhi,
Ashwin Kedia,,,,,Medusa Beverages,Beer Manufacturing,Series A,56.0,Delhi,
Ramesh Damani,,,,,Medusa Beverages,Beer Manufacturing,Series A,56.0,Delhi,
Nikhil Garg,,,,,Medusa Beverages,Beer Manufacturing,Series A,56.0,Delhi,
Crest Opportunities,,IN/AIF1/17-18/0321,Category I,,Medusa Beverages,Beer Manufacturing,Series A,56.0,Delhi,
HNIs (Singapore,,,,,Medusa Beverages,Beer Manufacturing,Series A,56.0,Delhi,
UK,,,,,Medusa Beverages,Beer Manufacturing,Series A,56.0,Delhi,
UAE),,,,,Medusa Beverages,Beer Manufacturing,Series A,56.0,Delhi,
Vidit Aatrey,,,,,Snabbit,Quick Service App,Series A,5500000.0,Bengaluru,
Sanjeev Barnwal,,,,,Snabbit,Quick Service App,Series A,5500000.0,Bengaluru,
Niraj Singh,,,,,Snabbit,Quick Service App,Series A,5500000.0,Bengaluru,
10x Founders Fund,,,,,Landeed,Property Title Search Engine,Series X,5000000.0,Hyderabad,
Paradigm Shift,,,,,Landeed,Property Title Search Engine,Series X,5000000.0,Hyderabad,
Pioneer Fund,,,,,Landeed,Property Title Search Engine,Series X,5000000.0,Hyderabad,
Brand Capital,,,,,KisanKonnect,D2C Food Brand,Series A,4500000.0,Mumbai,
Shilpa Shetty,,,,,KisanKonnect,D2C Food Brand,Series A,4500000.0,Mumbai,
VC-Grid,,,,,KisanKonnect,D2C Food Brand,Series A,4500000.0,Mumbai,
Vishwang Desai,,,,,KisanKonnect,D2C Food Brand,Series A,4500000.0,Mumbai,
Arka Venture Labs,,,,,Pipeshift,AI Infrastructure,Seed Round,2500000.0,San Francisco,
Good News Ventures,,,,,Pipeshift,AI Infrastructure,Seed Round,2500000.0,San Francisco,
OTP Ventures,,,,,Zeelab Pharmacy,Healthcare,Maiden Funding Round,2400000.0,Delhi,
angels including Abhishek Goyal,,,,,ProcureYard,B2B Raw Materials,Seed Round,1720000.0,Haryana,
Sunil Singhania Family Office,,,,,Workie,Office Space Management,Equity Round,13.0,Indore,
NAV Capital,,,,,Workie,Office Space Management,Equity Round,13.0,Indore,
Raman Roy,,,,,Workie,Office Space Management,Equity Round,13.0,Indore,
Audacity Venture Capital,,,,,Postudio,Post-Production SaaS,Pre-Seed Round,1000000.0,Mumbai,
Endurance Capital,,,,,Chelvies Coffee,Coffee & Dining Brand,Pre-Series A,1000000.0,Noida,
angels such as Nikita Gupta,,,,,Krvvy,D2C Lingerie & Shapewear,Pre-Seed Round,6.1,Noida,
Emmanuel Suraj,,,,,Krvvy,D2C Lingerie & Shapewear,Pre-Seed Round,6.1,Noida,
Samir Kalia,,,,,Prantae Solutions,Deep Tech,Seed Round,5.0,Bhubaneswar,
Deepank Kumar,,,,,Prantae Solutions,Deep Tech,Seed Round,5.0,Bhubaneswar,
Nitin Zamre,,,,,Prantae Solutions,Deep Tech,Seed Round,5.0,Bhubaneswar,
Dishit Nathwani,,,,,JoySpoon,Mouth Freshener,Seed Round,56.0,Ahmedabad,
Prateek Toshniwal,,,,,JoySpoon,Mouth Freshener,Seed Round,56.0,Ahmedabad,
Quadria Capital,,,,,Aragen,Contract R&D and Manufacturing,Investment Round,100000000.0,Hyderabad,
Point72 Private Investments,Meetali.Mistry@iiflw.com,IN/AIF3/12-13/0016,Category III,Mumbai,Netradyne,AI & Edge Computing SaaS,Series D,90000000.0,Bengaluru,
Pavilion Capital,,,,,Netradyne,AI & Edge Computing SaaS,Series D,90000000.0,Bengaluru,
Rights Issue,,,,,WeWork India,Flexible Workspace,Rights Issue,500.0,Bengaluru,
Kose Corporation,,,,,Foxtale,D2C Skincare,Funding Round,30000000.0,Mumbai,
Z47 (Matrix Partners India),,,,,Foxtale,D2C Skincare,Funding Round,30000000.0,Mumbai,
Panthera Growth Partners,Info@1000x.co.in,IN/AIF2/25-26/1983,Category II,Kolkata,Foxtale,D2C Skincare,Funding Round,30000000.0,Mumbai,
responsAbility Investments AG,,,,,Ecozen,Climate-Focused Deeptech,Debt Round,23000000.0,Pune,
Northern Arc Capital Limited,,,,,Ecozen,Climate-Focused Deeptech,Debt Round,23000000.0,Pune,
Maanaveeya Development & Finance Private Limited,,,,,Ecozen,Climate-Focused Deeptech,Debt Round,23000000.0,Pune,
Prominent HNIs,,,,,MicroMitti,PropTech,Funding Round,90.0,Indore,
and business leaders,,,,,MicroMitti,PropTech,Funding Round,90.0,Indore,
Argor Capital,,,,,Skor Technologies,Credit & Financial Services,Pre-Series A,6200000.0,Bengaluru,
Digital Currency Group,,,,,Skor Technologies,Credit & Financial Services,Pre-Series A,6200000.0,Bengaluru,
Pradeep Dadha,,,,,AstroSure.ai,Astro-Tech,Seed Round,6000000.0,Chennai,
Mirabilis Investment,,,,,Emiza Supply Chain Services,Logistics & Warehousing,Funding Round,50.0,Mumbai,
Vyom Wealth,ronak@11hadvisors.com,IN/AIF3/23-24/1391,Category III,Ahmedabad,WeVOIS,Waste Management,Series A,36.0,Jaipur,
SN Capital,,,,,WeVOIS,Waste Management,Series A,36.0,Jaipur,
Warmup Ventures,,,,,WeVOIS,Waste Management,Series A,36.0,Jaipur,
Marsshot Ventures,,,,,WeVOIS,Waste Management,Series A,36.0,Jaipur,
UHNIs,,,,,Fambo,Foodtech,Pre-Series A,21.0,Noida,
Sattva Family Office,,,,,TyrePlex,B2B Tyre Marketplace,Funding Round,20.0,New Delhi,
7th Gen Ventures,,,,,Zerocircle,Biotech - Seaweed Alternatives,Funding Round,20.0,Pune,
Trudie Styler,,,,,Zerocircle,Biotech - Seaweed Alternatives,Funding Round,20.0,Pune,
Jungle Ventures (First Cheque@Jungle),,,,,KisaanSay,Food Brand,Pre-Seed Round,2000000.0,Gurugram,
senior food industry leaders,,,,,KisaanSay,Food Brand,Pre-Seed Round,2000000.0,Gurugram,
TANSIM (Tamil Nadu Government),,,,,OrbitAID,Spacetech,Pre-Seed Round,1500000.0,Bengaluru,
Ivycap Ventures,,,,,GreenStitch,Climate Tech - Fashion,Seed Round,1200000.0,Bengaluru,
Zeca Ventures,,,,,GreenStitch,Climate Tech - Fashion,Seed Round,1200000.0,Bengaluru,
Marwah Group Family Office,,,,,ParkMate,Parking Management,Funding Round,1200000.0,Noida,
PeerCheque,,,,,Quash,AI Startup,Pre-Seed Funding,635000.0,Delhi,
DeVC (Matrix Partners),,,,,Quash,AI Startup,Pre-Seed Funding,635000.0,Delhi,
Tracxn Co-founder,,,,,Quash,AI Startup,Pre-Seed Funding,635000.0,Delhi,
Tudip Ventures,,,,,House of Chikankari,D2C Ethnic Wear,Seed Round,4.0,New Delhi,
Devc,,,,,Tractor Factory,AgriTech,Pre-Seed Round,4.0,Hoshiarpur,
Vinay Jain,,,,,Sukoon Unlimited,Agetech,Pre-Seed Round,430000.0,Bengaluru,
Manish Dureja,,,,,Sukoon Unlimited,Agetech,Pre-Seed Round,430000.0,Bengaluru,
B Capital Group,,,,,Innovaccer Inc.,Healthcare AI,Series F (Primary & Secondary),275000000.0,Bengaluru,
Banner Health,,,,,Innovaccer Inc.,Healthcare AI,Series F (Primary & Secondary),275000000.0,Bengaluru,
Danaher Ventures LLC,,,,,Innovaccer Inc.,Healthcare AI,Series F (Primary & Secondary),275000000.0,Bengaluru,
Generation Investment Management,,,,,Innovaccer Inc.,Healthcare AI,Series F (Primary & Secondary),275000000.0,Bengaluru,
Kaiser Permanente,,,,,Innovaccer Inc.,Healthcare AI,Series F (Primary & Secondary),275000000.0,Bengaluru,
M12,,,,,Innovaccer Inc.,Healthcare AI,Series F (Primary & Secondary),275000000.0,Bengaluru,
Redsprig Innovation Partners (Ritesh Agarwal’s affiliated entity),,,,,Oyo,Hospitality,Funding Round,550.0,Gurugram,
Archerman Capital,,,,,Infinity Fincorp Solutions,NBFC,Funding Round,35000000.0,Mumbai,
Magnifico,,,,,Infinity Fincorp Solutions,NBFC,Funding Round,35000000.0,Mumbai,
Stakeboat Capital,,,,,Botanic Healthcare,Nutraceutical,Equity Financing,250.0,Hyderabad,
Abakkus Four2Eight Opportunities Fund,,,,,Botanic Healthcare,Nutraceutical,Equity Financing,250.0,Hyderabad,
DS Group,,,,,Botanic Healthcare,Nutraceutical,Equity Financing,250.0,Hyderabad,
Claypond Capital (Ranjan Pai Family Office),,,,,GrayQuest,EdTech/FinTech,Series B (Equity),80.0,Mumbai,
True North’s Private Credit Fund,,,,,Vehant Technologies,Security & Surveillance,Mezzanine Round,75.0,Noida,
Z3Partners,,,,,Mintoak,SaaS,Secondary Funding,71.0,Mumbai,
Microtek Group,,,,,Emo Energy,Energy Tech,Equity Funding,6200000.0,Bengaluru,
SRK Family Office,,,,,Emo Energy,Energy Tech,Equity Funding,6200000.0,Bengaluru,
Ambis Holding US,,,,,Oben Electric,EV Manufacturing,Series A,50.0,Bengaluru,
Kuberan Ventures,,,,,Oben Electric,EV Manufacturing,Series A,50.0,Bengaluru,
Karimjee Group,,,,,Oben Electric,EV Manufacturing,Series A,50.0,Bengaluru,
Mission Vertical,,,,,Oben Electric,EV Manufacturing,Series A,50.0,Bengaluru,
Sanjeev Saraf Family Office,,,,,Oben Electric,EV Manufacturing,Series A,50.0,Bengaluru,
Pravek Kalp Family Office,,,,,Oben Electric,EV Manufacturing,Series A,50.0,Bengaluru,
Silver Needle,,,,,BrainSight AI,Deep-tech Neuroscience,Pre-Series A,5000000.0,Bengaluru,
Capricon Realty Private Limited (Thackersey Group),,,,,hBits,Commercial Real Estate,Series A,40.0,Mumbai,
Finfirst,,,,,Zoplar,Medical Equipment Procurement,Series A,3400000.0,Gurugram,
LogX,,,,,Zoplar,Medical Equipment Procurement,Series A,3400000.0,Gurugram,
AdvantEdge Founders,,,,,Moonrider,Electric Tractor Tech,Seed Round,2200000.0,Bengaluru,
Micelio Technology Fund,,,,,Moonrider,Electric Tractor Tech,Seed Round,2200000.0,Bengaluru,
Equanimity Ventures,,,,,Consint.AI,HealthTech,Funding Round,5.0,Noida,
Balmer Lawrie & Co Ltd,,,,,NapTapGo,Affordable Hospitality,Equity Funding,1.0,Noida,
Angel Investors including Saurabh Aggarwal,,,,,KIBI Sports,Sports Tech,Pre-Seed Funding,100000.0,Bengaluru,
Arpit Bhardwaj,,,,,KIBI Sports,Sports Tech,Pre-Seed Funding,100000.0,Bengaluru,
Vartika Joshi,,,,,KIBI Sports,Sports Tech,Pre-Seed Funding,100000.0,Bengaluru,
Hero Enterprise Partner Ventures,,,,,Abcoffee,Food and Agriculture > Food Service Chains,Series A,6390000.0,Maharashtra,
Deepak Gupta,,,,,Gabit,HealthTech > Fitness & Wellness Tech,Angel,3760000.0,Haryana,
Sthira Partners,,,,,TIST Media,Business Services > Photography Services,Seed,,Maharashtra,
Big Bets,,,,,Metafy,Retail > Retailers,Seed,400000.0,-,
Adani Power,,,,,JP Power Ventures,Energy > Hydro Power,Unattributed,,Delhi,
InCred Capital,,,,,VEM Technologies,Industrial Goods and Manufacturing > Manufacturing Services,PE,19200000.0,Telangana,
Anrf,,,,,EndureAir Systems,"Aerospace, Maritime and Defense Tech > Military Tech",Grant (prize money),3100000.0,Uttar Pradesh,
Hindustan Times,,,,,Damroo,Consumer > Music Tech,Seed,519000.0,Maharashtra,
Government of Canada,,,,,NTWIST,Enterprise Applications > Business Intelligence,Debt,727000.0,"Telangana, Alberta",
Advent International,,,,,Iscon Balaji Foods,Food and Agriculture > Food Processing,Series A,150000000.0,Gujarat,
HDFC Bank,,,,,Dhiway,Enterprise Applications,Grant,,Karnataka,
VideoCX,,,,,FinSpring,FinTech,Seed,,Karnataka,
Triton Investment Advisors,,,,,SCIkIQ,Enterprise Applications,Seed,1500000.0,Haryana,
Carpediem Capital,,,,,Sindhuja Microcredit,Financial Services > Microfinance,Series C,5000000.0,"Bihar, India",
Alchemy Capital Management,,,,,Wingreens World,Food & Agriculture Tech > Online Grocery,Series D,12600000.0,"Haryana, India",
Subramaniam Ganesan,,,,,Lifesigns,HealthTech > Healthcare IT,Seed,,"Tamil Nadu, India",
IndusInd Bank,,,,,Hero Realty,Real Estate & Construction,Debt,127000000.0,"Delhi, India",
StartupTN,,,,,Blunav Technologies,Travel & Hospitality Tech,Seed,1000000.0,"Tamil Nadu, India",
Sherpalo Ventures,,,,,Skyroot,Space Tech,Series C,60000000.0,"Telangana, India",
Mukesh Bansal,,,,,Skyroot,Space Tech,Series C,60000000.0,"Telangana, India",
4point0,,,,,Nowound,Life Sciences,Seed,1910000.0,"Haryana, India",
Physics Wallah,,,,,Sarrthi IAS,EdTech,Seed,,"Delhi, India",
D2C Insider,,,,,Gubbachhi,Retail,Seed,158000.0,"Karnataka, India",
Bain Capital Ventures,,,,,Pronto,Consumer Services,Series B,45000000.0,"Haryana, India",
ManchesterStory Group,,,,,XCaliber,HealthTech,Seed,6500000.0,"Massachusetts, USA / Karnataka, India",
Prospect Capital Management,,,,,Securityfiresystems,Business Services,Debt,,USA,
Naandi Ventures,,,,,Apollyon Dynamics,High Tech > Drones,Seed,421000.0,"Telangana, India",
Earthfund,,,,,Aurm,High Tech > Security & Surveillance,Series A,4420000.0,Karnataka,
SailThru Ventures,,,,,Rosier Foods,Food & Agriculture > Food & Beverage,Seed,,Delhi,
Bharat Forge,Info@1000x.co.in,IN/AIF2/25-26/1983,Category II,Kolkata,Fortuna Engineering,Auto > Auto Components,Unattributed,13600000.0,Maharashtra,
Futura Surgicare,,,,,Rivarp Medical,Healthcare > Medical Devices,Seed,,Karnataka,
State Bank of India,,,,,Sahamati,Nonprofits > Foundations,Series A,5290000.0,Karnataka,
Siguler Guff,,,,,Trimex Foods,Food & Agriculture > Food Service,PE,40000000.0,Delhi,
Cap Alpha,info@paulasset.com,IN/AIF3/24-25/1602,Category III,Kolkata,House of Chikankari,Consumer > Fashion Tech,Series A,2650000.0,Delhi,
Grand View Research,,,,,Dview,Business Intelligence,Seed,,Karnataka,
Swishin Ventures,,,,,Treefe,Consumer > Social Platforms,Seed,,Maharashtra,
Namita Thapar,,,,,Rosada,Retail > Mom & Baby Care,Angel,45900.0,West Bengal,
dao5,,,,,Cluster Protocol,High Tech > AI Infrastructure,Series A,5000000.0,Delhi,
Ritesh Agarwal,,,,,Awsum,Food and Agriculture > Food & Beverage Products,Angel,53300.0,Uttar Pradesh,
ICMG Group,,,,,Grest,Retail > Consumer Electronics E-Commerce,Seed,,Haryana,
LC Nueva AIF,,,,,Alaya,Consumer > Fashion Tech,Seed,,Delhi,
Mohit Yadav,,,,,RehabVeda,Life Sciences > Neurology,Angel,53400.0,Gujarat,
AWE Funds,,,,,DigitalPaani,Environment Tech > Water and Wastewater Management Tech,Seed,,Haryana,
Roman Saini,,,,,CureMeAbroad,HealthTech > Healthcare Booking Platforms,Seed,600000.0,Maharashtra,
SucSEED Indovation,,,,,TruScholar,EdTech (K-12 EdTech),Seed,,Maharashtra,
Zee Entertainment Enterprises,,,,,PhantomFX,-,Post-IPO,12400000.0,Tamil Nadu,
Chemelex,,,,,Algo8,Enterprise Applications (Big Data Analytics),Seed,,Uttar Pradesh,
Pentathlon Ventures,,,,,Intellithink,Enterprise Applications (Manufacturing Tech),Seed,1820000.0,Tamil Nadu,
Albinder Dhindsa,,,,,Helium,Consumer (Residential Real Estate Tech),Angel,536000.0,Karnataka,
Draper,,,,,Ivory,HealthTech (Disease Self Management),Seed,1000000.0,Maharashtra,
Volrado Venture Partners,,,,,Healync,HealthTech (Healthcare IT),Seed,,West Bengal,
Everstone Capital,,,,,Apothecon Pharmaceuticals,Healthcare (Traditional Pharmaceuticals),PE,270000000.0,Gujarat,
Scitech Park,,,,,SpEd@home,EdTech > K-12 EdTech,Grant,,Maharashtra,
Saksham,,,,,Dextroware Devices,HealthTech > Assistive Tech,Grant,,Tamil Nadu,
TCA,,,,,Barneys,Food & Agriculture > Alcoholic Beverage Products,Seed,,Goa,
Euro Gulf Investments,,,,,Pluckk,Food & AgriTech > Online Grocery,Series A,10800000.0,Maharashtra,
Greenoaks,,,,,Nava,High Tech > AI Infrastructure,Series A,22000000.0,Karnataka,
Permira,,,,,SILA,Business Services > Consulting,PE,100000000.0,Maharashtra,
MSN Holdings,nk@108.vc,IN/AIF2/23-24/1349,Category II,Mumbai,Tsecond.ai,Defense Tech > AI Infrastructure,Series B,21500000.0,Karnataka,
Uday Sodhi,,,,,Angoor AI,High Tech > Generative AI,Seed,215000.0,Karnataka,
LVL Zero Incubator,,,,,Rudrac,Gaming,Grant,10000.0,Telangana,
Fundalogical Ventures,,,,,Ecoil,Environment Tech,Series A,2500000.0,Rajasthan,
Infynno Solutions,,,,,Satark AI,Enterprise Infrastructure > Cybersecurity,Seed,,Gujarat,
Konvoy Ventures,,,,,GoSats,Retail > Coupons and Deals,Series A,5000000.0,Karnataka,
Cupid,,,,,Style Baazar,Retail > Retail Chains,Series B,8940000.0,West Bengal,
Chandurkar Investments,,,,,Style Baazar,Retail > Retail Chains,Series B,8940000.0,West Bengal,
Real Time Accelerator Fund,,,,,Skillre,EdTech > Test Preparation Tech,Seed,,Uttar Pradesh,
Caspian Debt,,,,,Aquapulse,Food and Agriculture Tech > Aquaculture Tech,Series A,2680000.0,Odisha,
GHRTBIF,,,,,Gabify,HealthTech > Healthcare IT,Grant,26800.0,Uttar Pradesh,
Equentis Wealth Advisory Services,,,,,Navanc,FinTech > RegTech,Seed,586000.0,Karnataka,
QED Innovation Labs,,,,,Navanc,FinTech > RegTech,Seed,586000.0,Karnataka,
IIM Udaipur Incubation Center,,,,,Xovian Aerospace,"Aerospace, Maritime and Defense Tech > Space Tech",Seed,2000000.0,Karnataka,
NS Trading,,,,,TenderCuts,Food and Agriculture Tech > Livestock Tech,Debt,2000000.0,Tamil Nadu,
Investments,,,,,TenderCuts,Food and Agriculture Tech > Livestock Tech,Debt,2000000.0,Tamil Nadu,
CGB Capital,,,,,Samekar,Enterprise Applications > Business Process Management Software,Seed,5000000.0,Karnataka,
Bajaj Finserv,,,,,NowPurchase,Chemicals and Materials Tech > Materials Tech,Series B,8500000.0,West Bengal,
CSL Finance,,,,,Mahagun Group,Real Estate and Construction > Real Estate & Infrastructure Developers,Debt,24000000.0,Uttar Pradesh,
Bharath Vivek Chandhok,,,,,Proho,Consumer > Residential Real Estate Tech,Seed,1000000.0,Uttar Pradesh,
Hegdinvst,,,,,Dugar Finance,FinTech > Alternative Lending,Seed,5000000.0,Tamil Nadu,
Cedar Hill Capital (formerly Cedar-IBSi Capital),,,,,Sign3,FinTech > Banking Tech,Seed,1500000.0,Haryana,
Sabre Partners,,,,,Bacancy Systems,Energy Tech > Electric Vehicles,Series A,4220000.0,Gujarat,
Mahendra Singh Dhoni,,,,,Kuku FM,Consumer > Vernacular Platforms,Angel,,Maharashtra,
Axis AMC,,,,,Arya,Environment > Environment Consultancy Services,Seed,,Karnataka,
Pavestone Capital,,,,,Uncia,FinTech > Banking Tech,Seed,3000000.0,Tamil Nadu,
Global Infrastructure Partners,,,,,Aditya Birla Renewables,Energy > Solar Energy,PE,,Maharashtra,
Aviral Bhatnagar,,,,,Thread Factory,Consumer > Fashion Tech,Seed,160000.0,Uttar Pradesh,
BlackRock,,,,,Skyroot Aerospace,"Aerospace, Maritime and Defense Tech > Space Tech",Debt,10800000.0,Telangana,
IRFC,,,,,HURL,Food and Agriculture > Crop Inputs,Debt,1370000000.0,Delhi,
Culture Cap,,,,,Proxgy,Real Estate and Construction Tech > Construction Tech,Angel,213000.0,Haryana,
Lendable,,,,,Metafin,Financial Services > Service Providers to Banks,Debt,10000000.0,Maharashtra,
Haraglobalcap,,,,,Swish,Food and Agriculture Tech > Food Tech,Series B,38000000.0,Karnataka,
Fort Point Capital,,,,,Boston Green,Environment - Waste & Water Management,PE,,-,
Stargazer Fund,,,,,Magical Nest,Retail - Mom & Baby Care,Seed,439000.0,Karnataka,
Kriscore,,,,,RoamPrime,Consumer - Auto E-Commerce,Seed,320000.0,Karnataka,
15th Rock,,,,,LETZRYD,Consumer - Road Transport Tech,Series A,4000000.0,Karnataka,
Vruddhi Capital,,,,,FusionStays,Travel & Hospitality - Travel Agencies,Seed,80200.0,West Bengal,
Vaibhav Arora,,,,,Kyvex,High Tech - AI Infrastructure,Angel,,Telangana,
Hindustan Media Ventures,,,,,KSKT,Food & AgriTech - Online Grocery,Seed,1000000.0,Haryana,
Impact Fund Denmark,,,,,BlackSoil,FinTech - Alternative Lending,Debt,22000000.0,Maharashtra,
Punjab National Bank,,,,,Optimo Capital,Financial Services - SME Loans,Debt,10800000.0,Karnataka,
Run Ventures,,,,,CometChat,Enterprise Applications - Customer Success,Series A,6500000.0,Maharashtra,
DA Group,,,,,Woodsmen Mountain Whiskey,Food & Beverage - Alcohol,Series A,1190000.0,Delhi,
AI Futures Fund,,,,,Persistence,High Tech - Speech & Voice Recognition,Seed,2000000.0,Maharashtra,
TIDCO,,,,,AgniKul,Space Tech,Series C,2700000.0,Tamil Nadu,
Craft Emerging Market Fund,,,,,AGI Infra,Real Estate,Post-IPO,8119999.999999999,Punjab,
Kolkata Ventures,,,,,Yes Sir,Wellness Services,Seed,,West Bengal,
Viraj Bahl,,,,,Awenest,Home Care E-commerce,Angel,75800.0,Maharashtra,
Northern Arc Capital,,,,,True Balance,FinTech > Alternative Lending,Debt,10000000.0,"Haryana, India",
Matrix,,,,,StrideOne,FinTech > Alternative Lending,Series B,11000000.0,"Haryana, India",
Congruent Ventures,,,,,Zeno,Energy Tech > Electric Vehicles,Series A,25000000.0,"Karnataka, India",
OneFlow Holdings,nk@108.vc,IN/AIF2/23-24/1349,Category II,Mumbai,Cent,HealthTech > Healthcare IT,Seed,5000000.0,"Karnataka, India",
Campus Angels Network,,,,,Easy Fix,Consumer > Local Services,Seed,651000.0,"Haryana, India",
Acacia Inclusion,,,,,Battery Smart,Energy Tech > Electric Vehicles,Series B,7400000.0,"Delhi, India",
SGgrow Capital,,,,,Rimigo,Consumer > Online Travel,Angel,109000.0,"Karnataka, India",
Filadd,,,,,Padhle,EdTech > K-12 EdTech,Seed,,"Madhya Pradesh, India",
Dabur,,,,,RAS Luxury Oils,Retail > Beauty Tech,Series B,7500000.0,Chhattisgarh,
Trident Growth Partners,Info@1000x.co.in,IN/AIF2/25-26/1983,Category II,Kolkata,SFO Technologies,Industrial Goods and Manufacturing > Manufacturing Services,PE,82000000.0,Kerala,
Steadview,,,,,Temple,High Tech > Wearable Technology,Seed,54000000.0,Delhi,
Amitoj Singh,,,,,Gut Clinic & Endoscopy Centre,Healthcare > Clinics,Seed,1000000.0,Delhi,
Kanika Tekriwal,,,,,Misfits,Consumer > Social Platforms,Angel,110000.0,Haryana,
Vaom Special Opportunity,,,,,Varaha,Environment Tech > Air Pollution Management Tech,Series B,2200000.0,Haryana,
Sandeep Varaganti,,,,,Zeromoblt,EdTech > K-12 EdTech,Seed,165000.0,Telangana,
MountTech Growth Fund,Info@1000x.co.in,IN/AIF2/25-26/1983,Category II,Kolkata,Hycosys,Energy Tech > Energy Storage Tech,Seed,1000000.0,Karnataka,
Anikarth Ventures,,,,,Coulomb Litech,Energy > Energy Storage,Seed,2200000.0,Maharashtra,
Big Capital JSC,,,,,DATOMS,Enterprise Applications > Manufacturing Tech,Series A,2760000.0,Karnataka,
Amit Jain,,,,,Heizen,High Tech > Agentic AI,Angel,99000.0,Telangana,
ASM Technologies,info@paulasset.com,IN/AIF3/24-25/1602,Category III,Kolkata,Myelin Foundry,High Tech > Agentic AI,Series B,5270000.0,Karnataka,
Favcy Venture Builders,,,,,Maity,Healthcare > Home Healthcare,Angel,,West Bengal,
ThinKuvate,,,,,CoreShield,High Tech > Security & Surveillance Technology,Seed,,Delhi,
Amol Parashar,,,,,House of Biryan,Food & Agriculture Tech > Food Tech,Angel,,Maharashtra,
Kotak Life Sciences Fund I,,,,,Zeroharm,Life Sciences > Nutraceuticals Tech,Series A,4410000.0,Telangana,
Sorin,,,,,HomeRun,Real Estate & Construction Tech > Construction Tech,Series A,6600000.0,Karnataka,
AdvantEdge,,,,,Exponent One,FinTech > Alternative Lending,Seed,2000000.0,Karnataka,
Flare Capital Partners,,,,,Daffodil Health,Consumer > Social Platforms,Series A,16300000.0,Karnataka,
Knowhere,,,,,EventBeep,EdTech > Higher Education Tech,Seed,850000.0,Maharashtra,
Sudip Nandy,,,,,Navikenz,Business Services > Digital Transformation Services,Seed,7500000.0,New Jersey / Uttar Pradesh,
Devi Prasad Shetty,,,,,Happy Pet Tech,Consumer > Local Services,Angel,,Karnataka,
Twenty Nine Capital Partners,,,,,Clayco,Retail > Beauty Tech,Series A,3300000.0,Maharashtra,
Next Bharat Ventures,Info@1000x.co.in,IN/AIF2/25-26/1983,Category II,Kolkata,Atypical Advantage,Enterprise Applications > HRTech,Seed,290000.0,Jharkhand,
Varun Alagh,,,,,MeMeraki,Retail > Home Improvements,Angel,110000.0,Haryana,
Ravi Bishnoi,,,,,Edify.Club,Retail > Consumer Electronics E-Commerce,Angel,,Karnataka,
Bay Capital,,,,,GREW Solar,Energy > Solar Energy,Series D,116000000.0,Gujarat,
IN-SPACe,,,,,Azista,Food and Agriculture > Food & Beverage Products,Grant,551000.0,Telangana,
Shivam Malhotra,,,,,7 Ring,FinTech > Payments,Seed,,Maharashtra,
Tim Draper,,,,,PickMyWork,Enterprise Applications > HRTech,Angel,500000.0,Haryana,
Kerala Startup Mission,,,,,Crink,HealthTech > Disease Self Management,Seed,199000.0,Kerala,
Nirav Mody,,,,,SportsSkill,Consumer > Sports Tech,Angel,,Maharashtra,
IQ-EQ,,,,,GIVA,Consumer > Fashion Tech,Series C,11100000.0,Karnataka,
BlueStone,,,,,Ethera,Consumer Goods > Fashion Accessories,Seed,2750000.0,Karnataka,
Scarlet Ventures,,,,,Slurrp Farm,Food and Agriculture > Food & Beverage Products,Series C,3300000.0,Delhi,
Indroma Ventures,,,,,Jaincord,Manufacturing,Series A,22100000.0,—,
Suryakumar Yadav,,,,,House of EM5,Beauty Tech,Angel,,Madhya Pradesh,
Government of Assam,,,,,KUHI BATH,Beauty & Personal Care,Grant,11100.0,Assam,
Navam Capital,,,,,Octobotics Tech,Robotics,Seed,1110000.0,Uttar Pradesh,
Nila Spaces,,,,,ALT,FinTech,Seed,664000.0,Karnataka,
35North Ventures,tejasshah@31degreesnorth.in,IN/AIF3/25-26/1798,Category III,Ahmedabad,Natturz,Plant-based Dairy,Seed,1000000.0,Delhi,
Raj P Narayanam,,,,,Gamepoint,Sports Tech,Seed,775000.0,Telangana,
Varun Sachdeva,,,,,CHINI KUM,Food & Beverage,Angel,111000.0,Uttar Pradesh,
Sagar Defence Engineering,,,,,EndureAir,Military Tech,Series A,,Uttar Pradesh,
Equirus Capital,,,,,Neverinstall,Cloud OS,Seed,,Karnataka,
Ankur Mittal,,,,,Trisu,Fashion Tech,Angel,115000.0,Haryana,
Aarii Ventures,,,,,63SATS,Business Services – IT Services,Series B,26700000.0,Maharashtra,
Auxano,,,,,REGRIP,Auto – Auto Retail & Aftersales,Seed,1660000.0,Haryana,
Arokiaswamy Velumani,,,,,Avni Wellness,Retail – Beauty Tech,Angel,84500.0,Maharashtra,
Norwest,,,,,JJG Machining Group,Industrial Manufacturing,Series B,30000000.0,Karnataka,
HPCL,,,,,Maraal Aerospace,Aerospace Tech,Seed,218000.0,Uttar Pradesh,
Raju Menon,,,,,Steadfast Consultants,Financial Services,Seed,,Telangana,
Investcorp,,,,,Easy Home Finance,FinTech – Alternative Lending,Series C,30000000.0,Maharashtra,
ZeroW,,,,,Entellus,High Tech – Advanced Materials,Series A,5500000.0,Tamil Nadu,
IIT Mandi Catalyst,,,,,Skitii,Speech and Voice Recognition,Angel,436000.0,Maharashtra,
Finnfund,,,,,Transvolt,Road Transport Tech,Series B,15000000.0,Maharashtra,
SRF,,,,,Dhun Wellness,Fitness and Wellness Centers,Series A,4000000.0,Maharashtra,
Gates Foundation,,,,,Qure.ai,Clinical Labs IT,Grant,,"Maharashtra, New York",
Novo Holdings,nk@108.vc,IN/AIF2/23-24/1349,Category II,Mumbai,Surya Hospitals,Hospital Chains,PE,,Maharashtra,
Growtheum Capital Partners,,,,,Wonder Home Finance,Consumer and SME Loans,PE,55000000.0,Rajasthan,
Acuvest Infra,,,,,Culture,Social Platforms,Seed,220000.0,Telangana,
Optimistic Capital,,,,,33&Brew,Food Service Chains,Series A,2200000.0,Karnataka,
Kunal Bahl,,,,,RidEV,Logistics Tech,Debt,551000.0,Telangana,
A Velumani,,,,,Aloe Ecell,Energy Storage Tech,Seed,276000.0,Rajasthan,
Titan,,,,,Veera,Internet Browsers,Seed,4000000.0,Haryana,
ACT Grants,,,,,RenewCred,Air Pollution Management Tech,Grant,,Karnataka,
Orbimed,,,,,Pee Safe,Beauty Tech,Series C,,Haryana,
Apis Partners,,,,,Xoxoday,HRTech,Series C,,Karnataka,
Dalmia Cement Bharat,,,,,Oriana Power,Solar Energy,Post-IPO,4750000.0,Delhi,
Shaili Chopra,,,,,Drickle,Food & Beverage Products,Seed,55400.0,Karnataka,
Connecticut Innovations,,,,,CloudSEK,Cybersecurity,Series B,,"Singapore,Karnataka",
Modulor Capital,,,,,ProjectStudio,Home Improvement Tech,Seed,,Haryana,
August One,,IN/AIF1/17-18/0321,Category I,,TravClan,Online Travel,Seed,,Delhi,
WaterEquity,,,,,Varthana,Education Finance,Debt,6000000.0,Karnataka,
Haldirams Family Office,,,,,OSSO,Healthcare Clinics,Seed,443000.0,Haryana,
